Shareholder - Name	Issuer - Country Name	Issuer - Sector	Security - Report Date	Data Source URL
Pensioenfonds Zorg & Welzijn	Australie	Vastgoed	2025-12-31	https://www.pfzw.nl/over-pfzw/beleggen-voor-een-goed-pensioen/soorten-beleggingen.html
Pensioenfonds Zorg & Welzijn	Australie	Vastgoed	2025-12-31	https://www.pfzw.nl/over-pfzw/beleggen-voor-een-goed-pensioen/soorten-beleggingen.html
Pensioenfonds Zorg & Welzijn	Verenigd Koninkrijk	Vastgoedbeheer & Ontwikkeling	2025-12-31	https://www.pfzw.nl/over-pfzw/beleggen-voor-een-goed-pensioen/soorten-beleggingen.html
Pensioenfonds Zorg & Welzijn	Verenigde Staten	Vastgoed	2025-12-31	https://www.pfzw.nl/over-pfzw/beleggen-voor-een-goed-pensioen/soorten-beleggingen.html
Pensioenfonds Zorg & Welzijn	Japan	Vastgoed	2025-12-31	https://www.pfzw.nl/over-pfzw/beleggen-voor-een-goed-pensioen/soorten-beleggingen.html
Pensioenfonds Zorg & Welzijn	Japan	Vastgoed	2025-12-31	https://www.pfzw.nl/over-pfzw/beleggen-voor-een-goed-pensioen/soorten-beleggingen.html
Pensioenfonds Zorg & Welzijn	Belgie	Vastgoed	2025-12-31	https://www.pfzw.nl/over-pfzw/beleggen-voor-een-goed-pensioen/soorten-beleggingen.html
Pensioenfonds Zorg & Welzijn	Japan	Vastgoed	2025-12-31	https://www.pfzw.nl/over-pfzw/beleggen-voor-een-goed-pensioen/soorten-beleggingen.html
Pensioenfonds Zorg & Welzijn	Verenigd Koninkrijk	Vastgoed	2025-12-31	https://www.pfzw.nl/over-pfzw/beleggen-voor-een-goed-pensioen/soorten-beleggingen.html
Pensioenfonds Zorg & Welzijn	Verenigde Staten	Vastgoed	2025-12-31	https://www.pfzw.nl/over-pfzw/beleggen-voor-een-goed-pensioen/soorten-beleggingen.html
Pensioenfonds Zorg & Welzijn	Singapore	Vastgoed	2025-12-31	https://www.pfzw.nl/over-pfzw/beleggen-voor-een-goed-pensioen/soorten-beleggingen.html
Pensioenfonds Zorg & Welzijn	Verenigde Staten	Vastgoed	2025-12-31	https://www.pfzw.nl/over-pfzw/beleggen-voor-een-goed-pensioen/soorten-beleggingen.html
Pensioenfonds Zorg & Welzijn	Verenigde Staten	Vastgoed	2025-12-31	https://www.pfzw.nl/over-pfzw/beleggen-voor-een-goed-pensioen/soorten-beleggingen.html
Pensioenfonds Zorg & Welzijn	Canada	Vastgoed	2025-12-31	https://www.pfzw.nl/over-pfzw/beleggen-voor-een-goed-pensioen/soorten-beleggingen.html
Pensioenfonds Zorg & Welzijn	Zwitserland	Vastgoedbeheer & Ontwikkeling	2025-12-31	https://www.pfzw.nl/over-pfzw/beleggen-voor-een-goed-pensioen/soorten-beleggingen.html
Pensioenfonds Zorg & Welzijn	Frankrijk	Vastgoed	2025-12-31	https://www.pfzw.nl/over-pfzw/beleggen-voor-een-goed-pensioen/soorten-beleggingen.html
Pensioenfonds Zorg & Welzijn	Verenigde Staten	Vastgoed	2025-12-31	https://www.pfzw.nl/over-pfzw/beleggen-voor-een-goed-pensioen/soorten-beleggingen.html
Pensioenfonds Zorg & Welzijn	Verenigde Staten	Vastgoed	2025-12-31	https://www.pfzw.nl/over-pfzw/beleggen-voor-een-goed-pensioen/soorten-beleggingen.html
Pensioenfonds Zorg & Welzijn	Verenigde Staten	Vastgoed	2025-12-31	https://www.pfzw.nl/over-pfzw/beleggen-voor-een-goed-pensioen/soorten-beleggingen.html
Pensioenfonds Zorg & Welzijn	Verenigde Staten	Vastgoed	2025-12-31	https://www.pfzw.nl/over-pfzw/beleggen-voor-een-goed-pensioen/soorten-beleggingen.html
Pensioenfonds Zorg & Welzijn	Verenigde Staten	Vastgoed	2025-12-31	https://www.pfzw.nl/over-pfzw/beleggen-voor-een-goed-pensioen/soorten-beleggingen.html
Pensioenfonds Zorg & Welzijn	Verenigde Staten	Vastgoed	2025-12-31	https://www.pfzw.nl/over-pfzw/beleggen-voor-een-goed-pensioen/soorten-beleggingen.html
Pensioenfonds Zorg & Welzijn	Verenigde Staten	Vastgoed	2025-12-31	https://www.pfzw.nl/over-pfzw/beleggen-voor-een-goed-pensioen/soorten-beleggingen.html
Pensioenfonds Zorg & Welzijn	Australie	Vastgoed	2025-12-31	https://www.pfzw.nl/over-pfzw/beleggen-voor-een-goed-pensioen/soorten-beleggingen.html
Pensioenfonds Zorg & Welzijn	Frankrijk	Vastgoed	2025-12-31	https://www.pfzw.nl/over-pfzw/beleggen-voor-een-goed-pensioen/soorten-beleggingen.html
Pensioenfonds Zorg & Welzijn	Nieuw-Zeeland	Vastgoed	2025-12-31	https://www.pfzw.nl/over-pfzw/beleggen-voor-een-goed-pensioen/soorten-beleggingen.html
Pensioenfonds Zorg & Welzijn	Duitsland	Vastgoedbeheer & Ontwikkeling	2025-12-31	https://www.pfzw.nl/over-pfzw/beleggen-voor-een-goed-pensioen/soorten-beleggingen.html
Pensioenfonds Zorg & Welzijn	Belgie	Vastgoed	2025-12-31	https://www.pfzw.nl/over-pfzw/beleggen-voor-een-goed-pensioen/soorten-beleggingen.html
Pensioenfonds Zorg & Welzijn	Australie	Vastgoed	2025-12-31	https://www.pfzw.nl/over-pfzw/beleggen-voor-een-goed-pensioen/soorten-beleggingen.html
Pensioenfonds Zorg & Welzijn	Zweden	Vastgoedbeheer & Ontwikkeling	2025-12-31	https://www.pfzw.nl/over-pfzw/beleggen-voor-een-goed-pensioen/soorten-beleggingen.html
Pensioenfonds Zorg & Welzijn	Verenigde Staten	Vastgoed	2025-12-31	https://www.pfzw.nl/over-pfzw/beleggen-voor-een-goed-pensioen/soorten-beleggingen.html
Pensioenfonds Zorg & Welzijn	Verenigd Koninkrijk	Vastgoed	2025-12-31	https://www.pfzw.nl/over-pfzw/beleggen-voor-een-goed-pensioen/soorten-beleggingen.html
Pensioenfonds Zorg & Welzijn	Canada	Vastgoed	2025-12-31	https://www.pfzw.nl/over-pfzw/beleggen-voor-een-goed-pensioen/soorten-beleggingen.html
Pensioenfonds Zorg & Welzijn	Verenigd Koninkrijk	Vastgoed	2025-12-31	https://www.pfzw.nl/over-pfzw/beleggen-voor-een-goed-pensioen/soorten-beleggingen.html
Pensioenfonds Zorg & Welzijn	Verenigde Staten	Vastgoed	2025-12-31	https://www.pfzw.nl/over-pfzw/beleggen-voor-een-goed-pensioen/soorten-beleggingen.html
Pensioenfonds Zorg & Welzijn	Verenigde Staten	Vastgoed	2025-12-31	https://www.pfzw.nl/over-pfzw/beleggen-voor-een-goed-pensioen/soorten-beleggingen.html
Pensioenfonds Zorg & Welzijn	Australie	Vastgoed	2025-12-31	https://www.pfzw.nl/over-pfzw/beleggen-voor-een-goed-pensioen/soorten-beleggingen.html
Pensioenfonds Zorg & Welzijn	Verenigde Staten	Vastgoed	2025-12-31	https://www.pfzw.nl/over-pfzw/beleggen-voor-een-goed-pensioen/soorten-beleggingen.html
Pensioenfonds Zorg & Welzijn	Oostenrijk	Vastgoedbeheer & Ontwikkeling	2025-12-31	https://www.pfzw.nl/over-pfzw/beleggen-voor-een-goed-pensioen/soorten-beleggingen.html
Pensioenfonds Zorg & Welzijn	Verenigde Staten	Vastgoed	2025-12-31	https://www.pfzw.nl/over-pfzw/beleggen-voor-een-goed-pensioen/soorten-beleggingen.html
Pensioenfonds Zorg & Welzijn	Canada	Vastgoed	2025-12-31	https://www.pfzw.nl/over-pfzw/beleggen-voor-een-goed-pensioen/soorten-beleggingen.html
Pensioenfonds Zorg & Welzijn	Singapore	Vastgoed	2025-12-31	https://www.pfzw.nl/over-pfzw/beleggen-voor-een-goed-pensioen/soorten-beleggingen.html
Pensioenfonds Zorg & Welzijn	Singapore	Vastgoed	2025-12-31	https://www.pfzw.nl/over-pfzw/beleggen-voor-een-goed-pensioen/soorten-beleggingen.html
Pensioenfonds Zorg & Welzijn	Singapore	Vastgoed	2025-12-31	https://www.pfzw.nl/over-pfzw/beleggen-voor-een-goed-pensioen/soorten-beleggingen.html
Pensioenfonds Zorg & Welzijn	Singapore	Vastgoedbeheer & Ontwikkeling	2025-12-31	https://www.pfzw.nl/over-pfzw/beleggen-voor-een-goed-pensioen/soorten-beleggingen.html
Pensioenfonds Zorg & Welzijn	Belgie	Vastgoed	2025-12-31	https://www.pfzw.nl/over-pfzw/beleggen-voor-een-goed-pensioen/soorten-beleggingen.html
Pensioenfonds Zorg & Welzijn	Verenigde Staten	Vastgoed	2025-12-31	https://www.pfzw.nl/over-pfzw/beleggen-voor-een-goed-pensioen/soorten-beleggingen.html
Pensioenfonds Zorg & Welzijn	Zweden	Vastgoedbeheer & Ontwikkeling	2025-12-31	https://www.pfzw.nl/over-pfzw/beleggen-voor-een-goed-pensioen/soorten-beleggingen.html
Pensioenfonds Zorg & Welzijn	Zweden	Vastgoedbeheer & Ontwikkeling	2025-12-31	https://www.pfzw.nl/over-pfzw/beleggen-voor-een-goed-pensioen/soorten-beleggingen.html
Pensioenfonds Zorg & Welzijn	Singapore	Vastgoed	2025-12-31	https://www.pfzw.nl/over-pfzw/beleggen-voor-een-goed-pensioen/soorten-beleggingen.html
Pensioenfonds Zorg & Welzijn	Verenigde Staten	Vastgoed	2025-12-31	https://www.pfzw.nl/over-pfzw/beleggen-voor-een-goed-pensioen/soorten-beleggingen.html
Pensioenfonds Zorg & Welzijn	Australie	Vastgoed	2025-12-31	https://www.pfzw.nl/over-pfzw/beleggen-voor-een-goed-pensioen/soorten-beleggingen.html
Pensioenfonds Zorg & Welzijn	Australie	Vastgoed	2025-12-31	https://www.pfzw.nl/over-pfzw/beleggen-voor-een-goed-pensioen/soorten-beleggingen.html
Pensioenfonds Zorg & Welzijn	Hongkong	Vastgoed	2025-12-31	https://www.pfzw.nl/over-pfzw/beleggen-voor-een-goed-pensioen/soorten-beleggingen.html
Pensioenfonds Zorg & Welzijn	Australie	Vastgoed	2025-12-31	https://www.pfzw.nl/over-pfzw/beleggen-voor-een-goed-pensioen/soorten-beleggingen.html
Pensioenfonds Zorg & Welzijn	Australie	Vastgoed	2025-12-31	https://www.pfzw.nl/over-pfzw/beleggen-voor-een-goed-pensioen/soorten-beleggingen.html
Pensioenfonds Zorg & Welzijn	Australie	Vastgoed	2025-12-31	https://www.pfzw.nl/over-pfzw/beleggen-voor-een-goed-pensioen/soorten-beleggingen.html
Pensioenfonds Zorg & Welzijn	Australie	Vastgoed	2025-12-31	https://www.pfzw.nl/over-pfzw/beleggen-voor-een-goed-pensioen/soorten-beleggingen.html
Pensioenfonds Zorg & Welzijn	Canada	Vastgoed	2025-12-31	https://www.pfzw.nl/over-pfzw/beleggen-voor-een-goed-pensioen/soorten-beleggingen.html
Pensioenfonds Zorg & Welzijn	Zweden	Vastgoedbeheer & Ontwikkeling	2025-12-31	https://www.pfzw.nl/over-pfzw/beleggen-voor-een-goed-pensioen/soorten-beleggingen.html
Pensioenfonds Zorg & Welzijn	Singapore	Vastgoedbeheer & Ontwikkeling	2025-12-31	https://www.pfzw.nl/over-pfzw/beleggen-voor-een-goed-pensioen/soorten-beleggingen.html
Pensioenfonds Zorg & Welzijn	Finland	Vastgoedbeheer & Ontwikkeling	2025-12-31	https://www.pfzw.nl/over-pfzw/beleggen-voor-een-goed-pensioen/soorten-beleggingen.html
Pensioenfonds Zorg & Welzijn	Belgie	Vastgoed	2025-12-31	https://www.pfzw.nl/over-pfzw/beleggen-voor-een-goed-pensioen/soorten-beleggingen.html
Pensioenfonds Zorg & Welzijn	Spanje	Vastgoed	2025-12-31	https://www.pfzw.nl/over-pfzw/beleggen-voor-een-goed-pensioen/soorten-beleggingen.html
Pensioenfonds Zorg & Welzijn	Japan	Vastgoed	2025-12-31	https://www.pfzw.nl/over-pfzw/beleggen-voor-een-goed-pensioen/soorten-beleggingen.html
Pensioenfonds Zorg & Welzijn	Verenigde Staten	Vastgoed	2025-12-31	https://www.pfzw.nl/over-pfzw/beleggen-voor-een-goed-pensioen/soorten-beleggingen.html
Pensioenfonds Zorg & Welzijn	Zweden	Vastgoedbeheer & Ontwikkeling	2025-12-31	https://www.pfzw.nl/over-pfzw/beleggen-voor-een-goed-pensioen/soorten-beleggingen.html
Pensioenfonds Zorg & Welzijn	Verenigde Staten	Vastgoed	2025-12-31	https://www.pfzw.nl/over-pfzw/beleggen-voor-een-goed-pensioen/soorten-beleggingen.html
Pensioenfonds Zorg & Welzijn	Frankrijk	Vastgoed	2025-12-31	https://www.pfzw.nl/over-pfzw/beleggen-voor-een-goed-pensioen/soorten-beleggingen.html
Pensioenfonds Zorg & Welzijn	Japan	Vastgoed	2025-12-31	https://www.pfzw.nl/over-pfzw/beleggen-voor-een-goed-pensioen/soorten-beleggingen.html
Pensioenfonds Zorg & Welzijn	Canada	Vastgoed	2025-12-31	https://www.pfzw.nl/over-pfzw/beleggen-voor-een-goed-pensioen/soorten-beleggingen.html
Pensioenfonds Zorg & Welzijn	Australie	Vastgoed	2025-12-31	https://www.pfzw.nl/over-pfzw/beleggen-voor-een-goed-pensioen/soorten-beleggingen.html
Pensioenfonds Zorg & Welzijn	Verenigde Staten	Vastgoed	2025-12-31	https://www.pfzw.nl/over-pfzw/beleggen-voor-een-goed-pensioen/soorten-beleggingen.html
Pensioenfonds Zorg & Welzijn	Verenigde Staten	Vastgoed	2025-12-31	https://www.pfzw.nl/over-pfzw/beleggen-voor-een-goed-pensioen/soorten-beleggingen.html
Pensioenfonds Zorg & Welzijn	Verenigde Staten	Vastgoed	2025-12-31	https://www.pfzw.nl/over-pfzw/beleggen-voor-een-goed-pensioen/soorten-beleggingen.html
Pensioenfonds Zorg & Welzijn	Verenigd Koninkrijk	Vastgoed	2025-12-31	https://www.pfzw.nl/over-pfzw/beleggen-voor-een-goed-pensioen/soorten-beleggingen.html
Pensioenfonds Zorg & Welzijn	Japan	Vastgoed	2025-12-31	https://www.pfzw.nl/over-pfzw/beleggen-voor-een-goed-pensioen/soorten-beleggingen.html
Pensioenfonds Zorg & Welzijn	Japan	Vastgoed	2025-12-31	https://www.pfzw.nl/over-pfzw/beleggen-voor-een-goed-pensioen/soorten-beleggingen.html
Pensioenfonds Zorg & Welzijn	Japan	Vastgoed	2025-12-31	https://www.pfzw.nl/over-pfzw/beleggen-voor-een-goed-pensioen/soorten-beleggingen.html
Pensioenfonds Zorg & Welzijn	Verenigd Koninkrijk	Vastgoed	2025-12-31	https://www.pfzw.nl/over-pfzw/beleggen-voor-een-goed-pensioen/soorten-beleggingen.html
Pensioenfonds Zorg & Welzijn	Duitsland	Vastgoedbeheer & Ontwikkeling	2025-12-31	https://www.pfzw.nl/over-pfzw/beleggen-voor-een-goed-pensioen/soorten-beleggingen.html
Pensioenfonds Zorg & Welzijn	Duitsland	Vastgoedbeheer & Ontwikkeling	2025-12-31	https://www.pfzw.nl/over-pfzw/beleggen-voor-een-goed-pensioen/soorten-beleggingen.html
Pensioenfonds Zorg & Welzijn	Australie	Vastgoed	2025-12-31	https://www.pfzw.nl/over-pfzw/beleggen-voor-een-goed-pensioen/soorten-beleggingen.html
Pensioenfonds Zorg & Welzijn	Australie	Vastgoed	2025-12-31	https://www.pfzw.nl/over-pfzw/beleggen-voor-een-goed-pensioen/soorten-beleggingen.html
Pensioenfonds Zorg & Welzijn	Verenigde Staten	Vastgoed	2025-12-31	https://www.pfzw.nl/over-pfzw/beleggen-voor-een-goed-pensioen/soorten-beleggingen.html
Pensioenfonds Zorg & Welzijn	Australie	Vastgoed	2025-12-31	https://www.pfzw.nl/over-pfzw/beleggen-voor-een-goed-pensioen/soorten-beleggingen.html
Pensioenfonds Zorg & Welzijn	Singapore	Vastgoed	2025-12-31	https://www.pfzw.nl/over-pfzw/beleggen-voor-een-goed-pensioen/soorten-beleggingen.html
Pensioenfonds Zorg & Welzijn	Verenigde Staten	Vastgoed	2025-12-31	https://www.pfzw.nl/over-pfzw/beleggen-voor-een-goed-pensioen/soorten-beleggingen.html
Pensioenfonds Zorg & Welzijn	Zweden	Vastgoedbeheer & Ontwikkeling	2025-12-31	https://www.pfzw.nl/over-pfzw/beleggen-voor-een-goed-pensioen/soorten-beleggingen.html
Pensioenfonds Zorg & Welzijn	Verenigde Staten	Vastgoed	2025-12-31	https://www.pfzw.nl/over-pfzw/beleggen-voor-een-goed-pensioen/soorten-beleggingen.html
Pensioenfonds Zorg & Welzijn	Canada	Vastgoed	2025-12-31	https://www.pfzw.nl/over-pfzw/beleggen-voor-een-goed-pensioen/soorten-beleggingen.html
Pensioenfonds Zorg & Welzijn	Verenigde Staten	Vastgoed	2025-12-31	https://www.pfzw.nl/over-pfzw/beleggen-voor-een-goed-pensioen/soorten-beleggingen.html
Pensioenfonds Zorg & Welzijn	Verenigde Staten	Vastgoed	2025-12-31	https://www.pfzw.nl/over-pfzw/beleggen-voor-een-goed-pensioen/soorten-beleggingen.html
Pensioenfonds Zorg & Welzijn	Verenigde Staten	Vastgoed	2025-12-31	https://www.pfzw.nl/over-pfzw/beleggen-voor-een-goed-pensioen/soorten-beleggingen.html
Pensioenfonds Zorg & Welzijn	Verenigde Staten	Vastgoed	2025-12-31	https://www.pfzw.nl/over-pfzw/beleggen-voor-een-goed-pensioen/soorten-beleggingen.html
Pensioenfonds Zorg & Welzijn	Verenigd Koninkrijk	Vastgoed	2025-12-31	https://www.pfzw.nl/over-pfzw/beleggen-voor-een-goed-pensioen/soorten-beleggingen.html
Pensioenfonds Zorg & Welzijn	Noorwegen	Vastgoedbeheer & Ontwikkeling	2025-12-31	https://www.pfzw.nl/over-pfzw/beleggen-voor-een-goed-pensioen/soorten-beleggingen.html
Pensioenfonds Zorg & Welzijn	Verenigde Staten	Vastgoed	2025-12-31	https://www.pfzw.nl/over-pfzw/beleggen-voor-een-goed-pensioen/soorten-beleggingen.html
Pensioenfonds Zorg & Welzijn	Verenigde Staten	Vastgoed	2025-12-31	https://www.pfzw.nl/over-pfzw/beleggen-voor-een-goed-pensioen/soorten-beleggingen.html
Pensioenfonds Zorg & Welzijn	Verenigde Staten	Vastgoed	2025-12-31	https://www.pfzw.nl/over-pfzw/beleggen-voor-een-goed-pensioen/soorten-beleggingen.html
Pensioenfonds Zorg & Welzijn	Verenigde Staten	Vastgoed	2025-12-31	https://www.pfzw.nl/over-pfzw/beleggen-voor-een-goed-pensioen/soorten-beleggingen.html
Pensioenfonds Zorg & Welzijn	Zuid-Korea	Vastgoed	2025-12-31	https://www.pfzw.nl/over-pfzw/beleggen-voor-een-goed-pensioen/soorten-beleggingen.html
Pensioenfonds Zorg & Welzijn	Singapore	Vastgoed	2025-12-31	https://www.pfzw.nl/over-pfzw/beleggen-voor-een-goed-pensioen/soorten-beleggingen.html
Pensioenfonds Zorg & Welzijn	Verenigde Staten	Vastgoed	2025-12-31	https://www.pfzw.nl/over-pfzw/beleggen-voor-een-goed-pensioen/soorten-beleggingen.html
Pensioenfonds Zorg & Welzijn	Verenigde Staten	Vastgoed	2025-12-31	https://www.pfzw.nl/over-pfzw/beleggen-voor-een-goed-pensioen/soorten-beleggingen.html
Pensioenfonds Zorg & Welzijn	Nederland	Vastgoed	2025-12-31	https://www.pfzw.nl/over-pfzw/beleggen-voor-een-goed-pensioen/soorten-beleggingen.html
Pensioenfonds Zorg & Welzijn	Verenigde Staten	Vastgoed	2025-12-31	https://www.pfzw.nl/over-pfzw/beleggen-voor-een-goed-pensioen/soorten-beleggingen.html
Pensioenfonds Zorg & Welzijn	Zweden	Vastgoedbeheer & Ontwikkeling	2025-12-31	https://www.pfzw.nl/over-pfzw/beleggen-voor-een-goed-pensioen/soorten-beleggingen.html
Pensioenfonds Zorg & Welzijn	Singapore	Vastgoed	2025-12-31	https://www.pfzw.nl/over-pfzw/beleggen-voor-een-goed-pensioen/soorten-beleggingen.html
Pensioenfonds Zorg & Welzijn	Zweden	Vastgoedbeheer & Ontwikkeling	2025-12-31	https://www.pfzw.nl/over-pfzw/beleggen-voor-een-goed-pensioen/soorten-beleggingen.html
Pensioenfonds Zorg & Welzijn	Zweden	Vastgoedbeheer & Ontwikkeling	2025-12-31	https://www.pfzw.nl/over-pfzw/beleggen-voor-een-goed-pensioen/soorten-beleggingen.html
Pensioenfonds Zorg & Welzijn	Verenigde Staten	Vastgoed	2025-12-31	https://www.pfzw.nl/over-pfzw/beleggen-voor-een-goed-pensioen/soorten-beleggingen.html
Pensioenfonds Zorg & Welzijn	Canada	Vastgoed	2025-12-31	https://www.pfzw.nl/over-pfzw/beleggen-voor-een-goed-pensioen/soorten-beleggingen.html
Pensioenfonds Zorg & Welzijn	Verenigde Staten	Vastgoed	2025-12-31	https://www.pfzw.nl/over-pfzw/beleggen-voor-een-goed-pensioen/soorten-beleggingen.html
Pensioenfonds Zorg & Welzijn	Hongkong	Vastgoed	2025-12-31	https://www.pfzw.nl/over-pfzw/beleggen-voor-een-goed-pensioen/soorten-beleggingen.html
Pensioenfonds Zorg & Welzijn	Verenigde Staten	Vastgoed	2025-12-31	https://www.pfzw.nl/over-pfzw/beleggen-voor-een-goed-pensioen/soorten-beleggingen.html
Pensioenfonds Zorg & Welzijn	Singapore	Vastgoed	2025-12-31	https://www.pfzw.nl/over-pfzw/beleggen-voor-een-goed-pensioen/soorten-beleggingen.html
Pensioenfonds Zorg & Welzijn	Singapore	Vastgoed	2025-12-31	https://www.pfzw.nl/over-pfzw/beleggen-voor-een-goed-pensioen/soorten-beleggingen.html
Pensioenfonds Zorg & Welzijn	Japan	Vastgoed	2025-12-31	https://www.pfzw.nl/over-pfzw/beleggen-voor-een-goed-pensioen/soorten-beleggingen.html
Pensioenfonds Zorg & Welzijn	Japan	Vastgoed	2025-12-31	https://www.pfzw.nl/over-pfzw/beleggen-voor-een-goed-pensioen/soorten-beleggingen.html
Pensioenfonds Zorg & Welzijn	Frankrijk	Vastgoed	2025-12-31	https://www.pfzw.nl/over-pfzw/beleggen-voor-een-goed-pensioen/soorten-beleggingen.html
Pensioenfonds Zorg & Welzijn	Verenigde Staten	Vastgoed	2025-12-31	https://www.pfzw.nl/over-pfzw/beleggen-voor-een-goed-pensioen/soorten-beleggingen.html
Pensioenfonds Zorg & Welzijn	Verenigde Staten	Vastgoed	2025-12-31	https://www.pfzw.nl/over-pfzw/beleggen-voor-een-goed-pensioen/soorten-beleggingen.html
Pensioenfonds Zorg & Welzijn	Japan	Vastgoed	2025-12-31	https://www.pfzw.nl/over-pfzw/beleggen-voor-een-goed-pensioen/soorten-beleggingen.html
Pensioenfonds Zorg & Welzijn	Japan	Vastgoed	2025-12-31	https://www.pfzw.nl/over-pfzw/beleggen-voor-een-goed-pensioen/soorten-beleggingen.html
Pensioenfonds Zorg & Welzijn	Australie	Vastgoed	2025-12-31	https://www.pfzw.nl/over-pfzw/beleggen-voor-een-goed-pensioen/soorten-beleggingen.html
Pensioenfonds Zorg & Welzijn	Nieuw-Zeeland	Vastgoed	2025-12-31	https://www.pfzw.nl/over-pfzw/beleggen-voor-een-goed-pensioen/soorten-beleggingen.html
Pensioenfonds Zorg & Welzijn	Australie	Vastgoed	2025-12-31	https://www.pfzw.nl/over-pfzw/beleggen-voor-een-goed-pensioen/soorten-beleggingen.html
Pensioenfonds Zorg & Welzijn	Verenigd Koninkrijk	Vastgoedbeheer & Ontwikkeling	2025-12-31	https://www.pfzw.nl/over-pfzw/beleggen-voor-een-goed-pensioen/soorten-beleggingen.html
Pensioenfonds Zorg & Welzijn	Duitsland	Vastgoedbeheer & Ontwikkeling	2025-12-31	https://www.pfzw.nl/over-pfzw/beleggen-voor-een-goed-pensioen/soorten-beleggingen.html
Pensioenfonds Zorg & Welzijn	Canada	Vastgoed	2025-12-31	https://www.pfzw.nl/over-pfzw/beleggen-voor-een-goed-pensioen/soorten-beleggingen.html
Pensioenfonds Zorg & Welzijn	Verenigd Koninkrijk	Vastgoed	2025-12-31	https://www.pfzw.nl/over-pfzw/beleggen-voor-een-goed-pensioen/soorten-beleggingen.html
Pensioenfonds Zorg & Welzijn	Australie	Vastgoed	2025-12-31	https://www.pfzw.nl/over-pfzw/beleggen-voor-een-goed-pensioen/soorten-beleggingen.html
Pensioenfonds Zorg & Welzijn	Canada	Vastgoed	2025-12-31	https://www.pfzw.nl/over-pfzw/beleggen-voor-een-goed-pensioen/soorten-beleggingen.html
Pensioenfonds Zorg & Welzijn	Duitsland	Vastgoed	2025-12-31	https://www.pfzw.nl/over-pfzw/beleggen-voor-een-goed-pensioen/soorten-beleggingen.html
Pensioenfonds Zorg & Welzijn	Verenigd Koninkrijk	Vastgoed	2025-12-31	https://www.pfzw.nl/over-pfzw/beleggen-voor-een-goed-pensioen/soorten-beleggingen.html
Pensioenfonds Zorg & Welzijn	Japan	Vastgoed	2025-12-31	https://www.pfzw.nl/over-pfzw/beleggen-voor-een-goed-pensioen/soorten-beleggingen.html
Pensioenfonds Zorg & Welzijn	Japan	Vastgoed	2025-12-31	https://www.pfzw.nl/over-pfzw/beleggen-voor-een-goed-pensioen/soorten-beleggingen.html
Pensioenfonds Zorg & Welzijn	Verenigde Staten	Vastgoed	2025-12-31	https://www.pfzw.nl/over-pfzw/beleggen-voor-een-goed-pensioen/soorten-beleggingen.html
Pensioenfonds Zorg & Welzijn	Verenigde Staten	Vastgoed	2025-12-31	https://www.pfzw.nl/over-pfzw/beleggen-voor-een-goed-pensioen/soorten-beleggingen.html
Pensioenfonds Zorg & Welzijn	Zweden	Vastgoedbeheer & Ontwikkeling	2025-12-31	https://www.pfzw.nl/over-pfzw/beleggen-voor-een-goed-pensioen/soorten-beleggingen.html
Pensioenfonds Zorg & Welzijn	Japan	Vastgoedbeheer & Ontwikkeling	2025-12-31	https://www.pfzw.nl/over-pfzw/beleggen-voor-een-goed-pensioen/soorten-beleggingen.html
Pensioenfonds Zorg & Welzijn	Japan	Vastgoed	2025-12-31	https://www.pfzw.nl/over-pfzw/beleggen-voor-een-goed-pensioen/soorten-beleggingen.html
Pensioenfonds Zorg & Welzijn	Verenigd Koninkrijk	Vastgoed	2025-12-31	https://www.pfzw.nl/over-pfzw/beleggen-voor-een-goed-pensioen/soorten-beleggingen.html
Pensioenfonds Zorg & Welzijn	Hongkong	Vastgoedbeheer & Ontwikkeling	2025-12-31	https://www.pfzw.nl/over-pfzw/beleggen-voor-een-goed-pensioen/soorten-beleggingen.html
Pensioenfonds Zorg & Welzijn	Zwitserland	Vastgoedbeheer & Ontwikkeling	2025-12-31	https://www.pfzw.nl/over-pfzw/beleggen-voor-een-goed-pensioen/soorten-beleggingen.html
Pensioenfonds Zorg & Welzijn	Verenigde Staten	Vastgoed	2025-12-31	https://www.pfzw.nl/over-pfzw/beleggen-voor-een-goed-pensioen/soorten-beleggingen.html
Pensioenfonds Zorg & Welzijn	Belgie	Vastgoed	2025-12-31	https://www.pfzw.nl/over-pfzw/beleggen-voor-een-goed-pensioen/soorten-beleggingen.html
Pensioenfonds Zorg & Welzijn	Australie	Vastgoed	2025-12-31	https://www.pfzw.nl/over-pfzw/beleggen-voor-een-goed-pensioen/soorten-beleggingen.html
Pensioenfonds Zorg & Welzijn	Hongkong	Vastgoedbeheer & Ontwikkeling	2025-12-31	https://www.pfzw.nl/over-pfzw/beleggen-voor-een-goed-pensioen/soorten-beleggingen.html
Pensioenfonds Zorg & Welzijn	Japan	Vastgoed	2025-12-31	https://www.pfzw.nl/over-pfzw/beleggen-voor-een-goed-pensioen/soorten-beleggingen.html
Pensioenfonds Zorg & Welzijn	Verenigde Staten	Vastgoed	2025-12-31	https://www.pfzw.nl/over-pfzw/beleggen-voor-een-goed-pensioen/soorten-beleggingen.html
Pensioenfonds Zorg & Welzijn	Zweden	Vastgoedbeheer & Ontwikkeling	2025-12-31	https://www.pfzw.nl/over-pfzw/beleggen-voor-een-goed-pensioen/soorten-beleggingen.html
Pensioenfonds Zorg & Welzijn	Japan	Vastgoedbeheer & Ontwikkeling	2025-12-31	https://www.pfzw.nl/over-pfzw/beleggen-voor-een-goed-pensioen/soorten-beleggingen.html
Pensioenfonds Zorg & Welzijn	Japan	Vastgoed	2025-12-31	https://www.pfzw.nl/over-pfzw/beleggen-voor-een-goed-pensioen/soorten-beleggingen.html
Pensioenfonds Zorg & Welzijn	Hongkong	Vastgoedbeheer & Ontwikkeling	2025-12-31	https://www.pfzw.nl/over-pfzw/beleggen-voor-een-goed-pensioen/soorten-beleggingen.html
Pensioenfonds Zorg & Welzijn	Frankrijk	Vastgoed	2025-12-31	https://www.pfzw.nl/over-pfzw/beleggen-voor-een-goed-pensioen/soorten-beleggingen.html
Pensioenfonds Zorg & Welzijn	Japan	Vastgoed	2025-12-31	https://www.pfzw.nl/over-pfzw/beleggen-voor-een-goed-pensioen/soorten-beleggingen.html
Pensioenfonds Zorg & Welzijn	Italie	Vastgoed	2025-12-31	https://www.pfzw.nl/over-pfzw/beleggen-voor-een-goed-pensioen/soorten-beleggingen.html
Pensioenfonds Zorg & Welzijn	Verenigde Staten	Vastgoed	2025-12-31	https://www.pfzw.nl/over-pfzw/beleggen-voor-een-goed-pensioen/soorten-beleggingen.html
Pensioenfonds Zorg & Welzijn	Japan	Vastgoed	2025-12-31	https://www.pfzw.nl/over-pfzw/beleggen-voor-een-goed-pensioen/soorten-beleggingen.html
Pensioenfonds Zorg & Welzijn	Australie	Vastgoed	2025-12-31	https://www.pfzw.nl/over-pfzw/beleggen-voor-een-goed-pensioen/soorten-beleggingen.html
Pensioenfonds Zorg & Welzijn	Verenigde Staten	Vastgoed	2025-12-31	https://www.pfzw.nl/over-pfzw/beleggen-voor-een-goed-pensioen/soorten-beleggingen.html
Pensioenfonds Zorg & Welzijn	Zweden	Vastgoedbeheer & Ontwikkeling	2025-12-31	https://www.pfzw.nl/over-pfzw/beleggen-voor-een-goed-pensioen/soorten-beleggingen.html
Pensioenfonds Zorg & Welzijn	Canada	Vastgoed	2025-12-31	https://www.pfzw.nl/over-pfzw/beleggen-voor-een-goed-pensioen/soorten-beleggingen.html
Pensioenfonds Zorg & Welzijn	Zwitserland	Vastgoedbeheer & Ontwikkeling	2025-12-31	https://www.pfzw.nl/over-pfzw/beleggen-voor-een-goed-pensioen/soorten-beleggingen.html
Pensioenfonds Zorg & Welzijn	Verenigde Staten	Vastgoed	2025-12-31	https://www.pfzw.nl/over-pfzw/beleggen-voor-een-goed-pensioen/soorten-beleggingen.html
Pensioenfonds Zorg & Welzijn	Zwitserland	Vastgoedbeheer & Ontwikkeling	2025-12-31	https://www.pfzw.nl/over-pfzw/beleggen-voor-een-goed-pensioen/soorten-beleggingen.html
Pensioenfonds Zorg & Welzijn	Japan	Vastgoed	2025-12-31	https://www.pfzw.nl/over-pfzw/beleggen-voor-een-goed-pensioen/soorten-beleggingen.html
Pensioenfonds Zorg & Welzijn	Verenigde Staten	Vastgoed	2025-12-31	https://www.pfzw.nl/over-pfzw/beleggen-voor-een-goed-pensioen/soorten-beleggingen.html
Pensioenfonds Zorg & Welzijn	Ierland	Vastgoed	2025-12-31	https://www.pfzw.nl/over-pfzw/beleggen-voor-een-goed-pensioen/soorten-beleggingen.html
Pensioenfonds Zorg & Welzijn	Verenigde Staten	Vastgoed	2025-12-31	https://www.pfzw.nl/over-pfzw/beleggen-voor-een-goed-pensioen/soorten-beleggingen.html
Pensioenfonds Zorg & Welzijn	Japan	Vastgoed	2025-12-31	https://www.pfzw.nl/over-pfzw/beleggen-voor-een-goed-pensioen/soorten-beleggingen.html
Pensioenfonds Zorg & Welzijn	Japan	Vastgoed	2025-12-31	https://www.pfzw.nl/over-pfzw/beleggen-voor-een-goed-pensioen/soorten-beleggingen.html
Pensioenfonds Zorg & Welzijn	Japan	Vastgoed	2025-12-31	https://www.pfzw.nl/over-pfzw/beleggen-voor-een-goed-pensioen/soorten-beleggingen.html
Pensioenfonds Zorg & Welzijn	Japan	Vastgoed	2025-12-31	https://www.pfzw.nl/over-pfzw/beleggen-voor-een-goed-pensioen/soorten-beleggingen.html
Pensioenfonds Zorg & Welzijn	Japan	Vastgoed	2025-12-31	https://www.pfzw.nl/over-pfzw/beleggen-voor-een-goed-pensioen/soorten-beleggingen.html
Pensioenfonds Zorg & Welzijn	Japan	Vastgoed	2025-12-31	https://www.pfzw.nl/over-pfzw/beleggen-voor-een-goed-pensioen/soorten-beleggingen.html
Pensioenfonds Zorg & Welzijn	Verenigde Staten	Vastgoed	2025-12-31	https://www.pfzw.nl/over-pfzw/beleggen-voor-een-goed-pensioen/soorten-beleggingen.html
Pensioenfonds Zorg & Welzijn	Zuid-Korea	Vastgoed	2025-12-31	https://www.pfzw.nl/over-pfzw/beleggen-voor-een-goed-pensioen/soorten-beleggingen.html
Pensioenfonds Zorg & Welzijn	Japan	Vastgoedbeheer & Ontwikkeling	2025-12-31	https://www.pfzw.nl/over-pfzw/beleggen-voor-een-goed-pensioen/soorten-beleggingen.html
Pensioenfonds Zorg & Welzijn	Japan	Vastgoed	2025-12-31	https://www.pfzw.nl/over-pfzw/beleggen-voor-een-goed-pensioen/soorten-beleggingen.html
Pensioenfonds Zorg & Welzijn	Verenigde Staten	Vastgoedbeheer & Ontwikkeling	2025-12-31	https://www.pfzw.nl/over-pfzw/beleggen-voor-een-goed-pensioen/soorten-beleggingen.html
Pensioenfonds Zorg & Welzijn	Singapore	Vastgoed	2025-12-31	https://www.pfzw.nl/over-pfzw/beleggen-voor-een-goed-pensioen/soorten-beleggingen.html
Pensioenfonds Zorg & Welzijn	Singapore	Vastgoed	2025-12-31	https://www.pfzw.nl/over-pfzw/beleggen-voor-een-goed-pensioen/soorten-beleggingen.html
Pensioenfonds Zorg & Welzijn	Canada	Vastgoed	2025-12-31	https://www.pfzw.nl/over-pfzw/beleggen-voor-een-goed-pensioen/soorten-beleggingen.html
Pensioenfonds Zorg & Welzijn	Verenigde Staten	Vastgoed	2025-12-31	https://www.pfzw.nl/over-pfzw/beleggen-voor-een-goed-pensioen/soorten-beleggingen.html
Pensioenfonds Zorg & Welzijn	Verenigde Staten	Vastgoed	2025-12-31	https://www.pfzw.nl/over-pfzw/beleggen-voor-een-goed-pensioen/soorten-beleggingen.html
Pensioenfonds Zorg & Welzijn	Verenigde Staten	Vastgoed	2025-12-31	https://www.pfzw.nl/over-pfzw/beleggen-voor-een-goed-pensioen/soorten-beleggingen.html
Pensioenfonds Zorg & Welzijn	Nieuw-Zeeland	Vastgoed	2025-12-31	https://www.pfzw.nl/over-pfzw/beleggen-voor-een-goed-pensioen/soorten-beleggingen.html
Pensioenfonds Zorg & Welzijn	Frankrijk	Vastgoed	2025-12-31	https://www.pfzw.nl/over-pfzw/beleggen-voor-een-goed-pensioen/soorten-beleggingen.html
Pensioenfonds Zorg & Welzijn	Finland	Vastgoedbeheer & Ontwikkeling	2025-12-31	https://www.pfzw.nl/over-pfzw/beleggen-voor-een-goed-pensioen/soorten-beleggingen.html
Pensioenfonds Zorg & Welzijn	Verenigd Koninkrijk	Vastgoed	2025-12-31	https://www.pfzw.nl/over-pfzw/beleggen-voor-een-goed-pensioen/soorten-beleggingen.html
Pensioenfonds Zorg & Welzijn	Japan	Vastgoed	2025-12-31	https://www.pfzw.nl/over-pfzw/beleggen-voor-een-goed-pensioen/soorten-beleggingen.html
Pensioenfonds Zorg & Welzijn	Duitsland	Vastgoedbeheer & Ontwikkeling	2025-12-31	https://www.pfzw.nl/over-pfzw/beleggen-voor-een-goed-pensioen/soorten-beleggingen.html
Pensioenfonds Zorg & Welzijn	Singapore	Vastgoed	2025-12-31	https://www.pfzw.nl/over-pfzw/beleggen-voor-een-goed-pensioen/soorten-beleggingen.html
Pensioenfonds Zorg & Welzijn	Verenigd Koninkrijk	Vastgoed	2025-12-31	https://www.pfzw.nl/over-pfzw/beleggen-voor-een-goed-pensioen/soorten-beleggingen.html
Pensioenfonds Zorg & Welzijn	Australie	Vastgoedbeheer & Ontwikkeling	2025-12-31	https://www.pfzw.nl/over-pfzw/beleggen-voor-een-goed-pensioen/soorten-beleggingen.html
Pensioenfonds Zorg & Welzijn	Verenigde Staten	Vastgoed	2025-12-31	https://www.pfzw.nl/over-pfzw/beleggen-voor-een-goed-pensioen/soorten-beleggingen.html
Pensioenfonds Zorg & Welzijn	Hongkong	Vastgoed	2025-12-31	https://www.pfzw.nl/over-pfzw/beleggen-voor-een-goed-pensioen/soorten-beleggingen.html
Pensioenfonds Zorg & Welzijn	Zweden	Vastgoedbeheer & Ontwikkeling	2025-12-31	https://www.pfzw.nl/over-pfzw/beleggen-voor-een-goed-pensioen/soorten-beleggingen.html
Pensioenfonds Zorg & Welzijn	Verenigd Koninkrijk	Vastgoed	2025-12-31	https://www.pfzw.nl/over-pfzw/beleggen-voor-een-goed-pensioen/soorten-beleggingen.html
Pensioenfonds Zorg & Welzijn	Zuid-Korea	Vastgoed	2025-12-31	https://www.pfzw.nl/over-pfzw/beleggen-voor-een-goed-pensioen/soorten-beleggingen.html
Pensioenfonds Zorg & Welzijn	Verenigde Staten	Vastgoed	2025-12-31	https://www.pfzw.nl/over-pfzw/beleggen-voor-een-goed-pensioen/soorten-beleggingen.html
Pensioenfonds Zorg & Welzijn	Verenigde Staten	Vastgoed	2025-12-31	https://www.pfzw.nl/over-pfzw/beleggen-voor-een-goed-pensioen/soorten-beleggingen.html
Pensioenfonds Zorg & Welzijn	Verenigde Staten	Vastgoed	2025-12-31	https://www.pfzw.nl/over-pfzw/beleggen-voor-een-goed-pensioen/soorten-beleggingen.html
Pensioenfonds Zorg & Welzijn	Singapore	Vastgoed	2025-12-31	https://www.pfzw.nl/over-pfzw/beleggen-voor-een-goed-pensioen/soorten-beleggingen.html
Pensioenfonds Zorg & Welzijn	Singapore	Vastgoed	2025-12-31	https://www.pfzw.nl/over-pfzw/beleggen-voor-een-goed-pensioen/soorten-beleggingen.html
Pensioenfonds Zorg & Welzijn	Singapore	Vastgoed	2025-12-31	https://www.pfzw.nl/over-pfzw/beleggen-voor-een-goed-pensioen/soorten-beleggingen.html
Pensioenfonds Zorg & Welzijn	Verenigde Staten	Vastgoed	2025-12-31	https://www.pfzw.nl/over-pfzw/beleggen-voor-een-goed-pensioen/soorten-beleggingen.html
Pensioenfonds Zorg & Welzijn	Frankrijk	Vastgoed	2025-12-31	https://www.pfzw.nl/over-pfzw/beleggen-voor-een-goed-pensioen/soorten-beleggingen.html
Pensioenfonds Zorg & Welzijn	Spanje	Vastgoed	2025-12-31	https://www.pfzw.nl/over-pfzw/beleggen-voor-een-goed-pensioen/soorten-beleggingen.html
Pensioenfonds Zorg & Welzijn	Verenigde Staten	Vastgoed	2025-12-31	https://www.pfzw.nl/over-pfzw/beleggen-voor-een-goed-pensioen/soorten-beleggingen.html
Pensioenfonds Zorg & Welzijn	Japan	Vastgoed	2025-12-31	https://www.pfzw.nl/over-pfzw/beleggen-voor-een-goed-pensioen/soorten-beleggingen.html
Pensioenfonds Zorg & Welzijn	Japan	Vastgoed	2025-12-31	https://www.pfzw.nl/over-pfzw/beleggen-voor-een-goed-pensioen/soorten-beleggingen.html
Pensioenfonds Zorg & Welzijn	Australie	Vastgoed	2025-12-31	https://www.pfzw.nl/over-pfzw/beleggen-voor-een-goed-pensioen/soorten-beleggingen.html
Pensioenfonds Zorg & Welzijn	Japan	Vastgoedbeheer & Ontwikkeling	2025-12-31	https://www.pfzw.nl/over-pfzw/beleggen-voor-een-goed-pensioen/soorten-beleggingen.html
Pensioenfonds Zorg & Welzijn	Japan	Vastgoed	2025-12-31	https://www.pfzw.nl/over-pfzw/beleggen-voor-een-goed-pensioen/soorten-beleggingen.html
Pensioenfonds Zorg & Welzijn	Japan	Vastgoed	2025-12-31	https://www.pfzw.nl/over-pfzw/beleggen-voor-een-goed-pensioen/soorten-beleggingen.html
Pensioenfonds Zorg & Welzijn	Japan	Vastgoedbeheer & Ontwikkeling	2025-12-31	https://www.pfzw.nl/over-pfzw/beleggen-voor-een-goed-pensioen/soorten-beleggingen.html
Pensioenfonds Zorg & Welzijn	Japan	Vastgoed	2025-12-31	https://www.pfzw.nl/over-pfzw/beleggen-voor-een-goed-pensioen/soorten-beleggingen.html
Pensioenfonds Zorg & Welzijn	Zwitserland	Vastgoedbeheer & Ontwikkeling	2025-12-31	https://www.pfzw.nl/over-pfzw/beleggen-voor-een-goed-pensioen/soorten-beleggingen.html
Pensioenfonds Zorg & Welzijn	Belgie	Vastgoed	2025-12-31	https://www.pfzw.nl/over-pfzw/beleggen-voor-een-goed-pensioen/soorten-beleggingen.html
Pensioenfonds Zorg & Welzijn	Japan	Vastgoed	2025-12-31	https://www.pfzw.nl/over-pfzw/beleggen-voor-een-goed-pensioen/soorten-beleggingen.html
Pensioenfonds Zorg & Welzijn	Japan	Vastgoed	2025-12-31	https://www.pfzw.nl/over-pfzw/beleggen-voor-een-goed-pensioen/soorten-beleggingen.html
Pensioenfonds Zorg & Welzijn	Verenigde Staten	Vastgoed	2025-12-31	https://www.pfzw.nl/over-pfzw/beleggen-voor-een-goed-pensioen/soorten-beleggingen.html
Pensioenfonds Zorg & Welzijn	Verenigde Staten	Vastgoed	2025-12-31	https://www.pfzw.nl/over-pfzw/beleggen-voor-een-goed-pensioen/soorten-beleggingen.html
Pensioenfonds Zorg & Welzijn	Australie	Vastgoed	2025-12-31	https://www.pfzw.nl/over-pfzw/beleggen-voor-een-goed-pensioen/soorten-beleggingen.html
Pensioenfonds Zorg & Welzijn	Zweden	Vastgoedbeheer & Ontwikkeling	2025-12-31	https://www.pfzw.nl/over-pfzw/beleggen-voor-een-goed-pensioen/soorten-beleggingen.html
Pensioenfonds Zorg & Welzijn	Verenigde Staten	Vastgoed	2025-12-31	https://www.pfzw.nl/over-pfzw/beleggen-voor-een-goed-pensioen/soorten-beleggingen.html
Pensioenfonds Zorg & Welzijn	Hongkong	Vastgoedbeheer & Ontwikkeling	2025-12-31	https://www.pfzw.nl/over-pfzw/beleggen-voor-een-goed-pensioen/soorten-beleggingen.html
Pensioenfonds Zorg & Welzijn	Verenigd Koninkrijk	Vastgoed	2025-12-31	https://www.pfzw.nl/over-pfzw/beleggen-voor-een-goed-pensioen/soorten-beleggingen.html
Pensioenfonds Zorg & Welzijn	Verenigde Staten	Vastgoed	2025-12-31	https://www.pfzw.nl/over-pfzw/beleggen-voor-een-goed-pensioen/soorten-beleggingen.html
Pensioenfonds Zorg & Welzijn	Canada	Vastgoed	2025-12-31	https://www.pfzw.nl/over-pfzw/beleggen-voor-een-goed-pensioen/soorten-beleggingen.html
Pensioenfonds Zorg & Welzijn	Japan	Vastgoed	2025-12-31	https://www.pfzw.nl/over-pfzw/beleggen-voor-een-goed-pensioen/soorten-beleggingen.html
Pensioenfonds Zorg & Welzijn	Japan	Vastgoed	2025-12-31	https://www.pfzw.nl/over-pfzw/beleggen-voor-een-goed-pensioen/soorten-beleggingen.html
Pensioenfonds Zorg & Welzijn	Japan	Vastgoed	2025-12-31	https://www.pfzw.nl/over-pfzw/beleggen-voor-een-goed-pensioen/soorten-beleggingen.html
Pensioenfonds Zorg & Welzijn	Verenigde Staten	Vastgoed	2025-12-31	https://www.pfzw.nl/over-pfzw/beleggen-voor-een-goed-pensioen/soorten-beleggingen.html
Pensioenfonds Zorg & Welzijn	Japan	Vastgoedbeheer & Ontwikkeling	2025-12-31	https://www.pfzw.nl/over-pfzw/beleggen-voor-een-goed-pensioen/soorten-beleggingen.html
Pensioenfonds Zorg & Welzijn	Japan	Vastgoed	2025-12-31	https://www.pfzw.nl/over-pfzw/beleggen-voor-een-goed-pensioen/soorten-beleggingen.html
Pensioenfonds Zorg & Welzijn	Canada	Vastgoed	2025-12-31	https://www.pfzw.nl/over-pfzw/beleggen-voor-een-goed-pensioen/soorten-beleggingen.html
Pensioenfonds Zorg & Welzijn	Zweden	Vastgoedbeheer & Ontwikkeling	2025-12-31	https://www.pfzw.nl/over-pfzw/beleggen-voor-een-goed-pensioen/soorten-beleggingen.html
Pensioenfonds Zorg & Welzijn	Nederland	Vastgoed	2025-12-31	https://www.pfzw.nl/over-pfzw/beleggen-voor-een-goed-pensioen/soorten-beleggingen.html
Pensioenfonds Zorg & Welzijn	Japan	Vastgoed	2025-12-31	https://www.pfzw.nl/over-pfzw/beleggen-voor-een-goed-pensioen/soorten-beleggingen.html
Pensioenfonds Zorg & Welzijn	Zweden	Vastgoedbeheer & Ontwikkeling	2025-12-31	https://www.pfzw.nl/over-pfzw/beleggen-voor-een-goed-pensioen/soorten-beleggingen.html
Pensioenfonds Zorg & Welzijn	Verenigde Staten	Vastgoed	2025-12-31	https://www.pfzw.nl/over-pfzw/beleggen-voor-een-goed-pensioen/soorten-beleggingen.html
Pensioenfonds Zorg & Welzijn	Japan	Vastgoed	2025-12-31	https://www.pfzw.nl/over-pfzw/beleggen-voor-een-goed-pensioen/soorten-beleggingen.html
Pensioenfonds Zorg & Welzijn	Japan	Vastgoed	2025-12-31	https://www.pfzw.nl/over-pfzw/beleggen-voor-een-goed-pensioen/soorten-beleggingen.html
Pensioenfonds Zorg & Welzijn	Singapore	Vastgoed	2025-12-31	https://www.pfzw.nl/over-pfzw/beleggen-voor-een-goed-pensioen/soorten-beleggingen.html
Pensioenfonds Zorg & Welzijn	Zweden	Vastgoedbeheer & Ontwikkeling	2025-12-31	https://www.pfzw.nl/over-pfzw/beleggen-voor-een-goed-pensioen/soorten-beleggingen.html
Pensioenfonds Zorg & Welzijn	Verenigde Staten	Vastgoed	2025-12-31	https://www.pfzw.nl/over-pfzw/beleggen-voor-een-goed-pensioen/soorten-beleggingen.html
Pensioenfonds Zorg & Welzijn	Singapore	Vastgoed	2025-12-31	https://www.pfzw.nl/over-pfzw/beleggen-voor-een-goed-pensioen/soorten-beleggingen.html
Pensioenfonds Zorg & Welzijn	Zwitserland	Vastgoedbeheer & Ontwikkeling	2025-12-31	https://www.pfzw.nl/over-pfzw/beleggen-voor-een-goed-pensioen/soorten-beleggingen.html
Pensioenfonds Zorg & Welzijn	Verenigde Staten	Vastgoed	2025-12-31	https://www.pfzw.nl/over-pfzw/beleggen-voor-een-goed-pensioen/soorten-beleggingen.html
Pensioenfonds Zorg & Welzijn	Verenigde Staten	Vastgoed	2025-12-31	https://www.pfzw.nl/over-pfzw/beleggen-voor-een-goed-pensioen/soorten-beleggingen.html
Pensioenfonds Zorg & Welzijn	Verenigd Koninkrijk	Vastgoed	2025-12-31	https://www.pfzw.nl/over-pfzw/beleggen-voor-een-goed-pensioen/soorten-beleggingen.html
Pensioenfonds Zorg & Welzijn	Verenigde Staten	Vastgoed	2025-12-31	https://www.pfzw.nl/over-pfzw/beleggen-voor-een-goed-pensioen/soorten-beleggingen.html
Pensioenfonds Zorg & Welzijn	Zweden	Vastgoedbeheer & Ontwikkeling	2025-12-31	https://www.pfzw.nl/over-pfzw/beleggen-voor-een-goed-pensioen/soorten-beleggingen.html
Pensioenfonds Zorg & Welzijn	Nieuw-Zeeland	Vastgoed	2025-12-31	https://www.pfzw.nl/over-pfzw/beleggen-voor-een-goed-pensioen/soorten-beleggingen.html
Pensioenfonds Zorg & Welzijn	Canada	Vastgoed	2025-12-31	https://www.pfzw.nl/over-pfzw/beleggen-voor-een-goed-pensioen/soorten-beleggingen.html
Pensioenfonds Zorg & Welzijn	Verenigd Koninkrijk	Vastgoed	2025-12-31	https://www.pfzw.nl/over-pfzw/beleggen-voor-een-goed-pensioen/soorten-beleggingen.html
Pensioenfonds Zorg & Welzijn	Verenigde Staten	Vastgoed	2025-12-31	https://www.pfzw.nl/over-pfzw/beleggen-voor-een-goed-pensioen/soorten-beleggingen.html
Pensioenfonds Zorg & Welzijn	Hongkong	Vastgoed	2025-12-31	https://www.pfzw.nl/over-pfzw/beleggen-voor-een-goed-pensioen/soorten-beleggingen.html
Pensioenfonds Zorg & Welzijn	Zwitserland	Vastgoedbeheer & Ontwikkeling	2025-12-31	https://www.pfzw.nl/over-pfzw/beleggen-voor-een-goed-pensioen/soorten-beleggingen.html
Pensioenfonds Zorg & Welzijn	Noorwegen	Vastgoedbeheer & Ontwikkeling	2025-12-31	https://www.pfzw.nl/over-pfzw/beleggen-voor-een-goed-pensioen/soorten-beleggingen.html
Pensioenfonds Zorg & Welzijn	Verenigde Staten	Vastgoed	2025-12-31	https://www.pfzw.nl/over-pfzw/beleggen-voor-een-goed-pensioen/soorten-beleggingen.html
Pensioenfonds Zorg & Welzijn	Verenigde Staten	Vastgoed	2025-12-31	https://www.pfzw.nl/over-pfzw/beleggen-voor-een-goed-pensioen/soorten-beleggingen.html
Pensioenfonds Zorg & Welzijn	Australie	Vastgoed	2025-12-31	https://www.pfzw.nl/over-pfzw/beleggen-voor-een-goed-pensioen/soorten-beleggingen.html
Pensioenfonds Zorg & Welzijn	Verenigd Koninkrijk	Vastgoed	2025-12-31	https://www.pfzw.nl/over-pfzw/beleggen-voor-een-goed-pensioen/soorten-beleggingen.html
Pensioenfonds Zorg & Welzijn	Verenigd Koninkrijk	Vastgoed	2025-12-31	https://www.pfzw.nl/over-pfzw/beleggen-voor-een-goed-pensioen/soorten-beleggingen.html
Pensioenfonds Zorg & Welzijn	Belgie	Vastgoed	2025-12-31	https://www.pfzw.nl/over-pfzw/beleggen-voor-een-goed-pensioen/soorten-beleggingen.html
Pensioenfonds Zorg & Welzijn	Verenigde Staten	Vastgoed	2025-12-31	https://www.pfzw.nl/over-pfzw/beleggen-voor-een-goed-pensioen/soorten-beleggingen.html
Pensioenfonds Zorg & Welzijn	Canada	Vastgoed	2025-12-31	https://www.pfzw.nl/over-pfzw/beleggen-voor-een-goed-pensioen/soorten-beleggingen.html
Pensioenfonds Zorg & Welzijn	Verenigde Staten	Vastgoed	2025-12-31	https://www.pfzw.nl/over-pfzw/beleggen-voor-een-goed-pensioen/soorten-beleggingen.html
Pensioenfonds Zorg & Welzijn	Verenigde Staten	Vastgoed	2025-12-31	https://www.pfzw.nl/over-pfzw/beleggen-voor-een-goed-pensioen/soorten-beleggingen.html
Pensioenfonds Zorg & Welzijn	Verenigde Staten	Vastgoed	2025-12-31	https://www.pfzw.nl/over-pfzw/beleggen-voor-een-goed-pensioen/soorten-beleggingen.html
Pensioenfonds Zorg & Welzijn	Verenigde Staten	Vastgoed	2025-12-31	https://www.pfzw.nl/over-pfzw/beleggen-voor-een-goed-pensioen/soorten-beleggingen.html
Pensioenfonds Zorg & Welzijn	Verenigd Koninkrijk	Vastgoed	2025-12-31	https://www.pfzw.nl/over-pfzw/beleggen-voor-een-goed-pensioen/soorten-beleggingen.html
Pensioenfonds Zorg & Welzijn	Zweden	Vastgoedbeheer & Ontwikkeling	2025-12-31	https://www.pfzw.nl/over-pfzw/beleggen-voor-een-goed-pensioen/soorten-beleggingen.html
Pensioenfonds Zorg & Welzijn	Zweden	Vastgoedbeheer & Ontwikkeling	2025-12-31	https://www.pfzw.nl/over-pfzw/beleggen-voor-een-goed-pensioen/soorten-beleggingen.html
Pensioenfonds Zorg & Welzijn	Japan	Vastgoed	2025-12-31	https://www.pfzw.nl/over-pfzw/beleggen-voor-een-goed-pensioen/soorten-beleggingen.html
Pensioenfonds Zorg & Welzijn	Japan	Vastgoed	2025-12-31	https://www.pfzw.nl/over-pfzw/beleggen-voor-een-goed-pensioen/soorten-beleggingen.html
Pensioenfonds Zorg & Welzijn	Australie	Vastgoed	2025-12-31	https://www.pfzw.nl/over-pfzw/beleggen-voor-een-goed-pensioen/soorten-beleggingen.html
Pensioenfonds Zorg & Welzijn	Verenigd Koninkrijk	Vastgoed	2025-12-31	https://www.pfzw.nl/over-pfzw/beleggen-voor-een-goed-pensioen/soorten-beleggingen.html
Pensioenfonds Zorg & Welzijn	Verenigd Koninkrijk	Vastgoed	2025-12-31	https://www.pfzw.nl/over-pfzw/beleggen-voor-een-goed-pensioen/soorten-beleggingen.html
Pensioenfonds Zorg & Welzijn	Japan	Vastgoed	2025-12-31	https://www.pfzw.nl/over-pfzw/beleggen-voor-een-goed-pensioen/soorten-beleggingen.html
Pensioenfonds Zorg & Welzijn	Verenigd Koninkrijk	Vastgoed	2025-12-31	https://www.pfzw.nl/over-pfzw/beleggen-voor-een-goed-pensioen/soorten-beleggingen.html
Pensioenfonds Zorg & Welzijn	Zuid-Korea	Vastgoed	2025-12-31	https://www.pfzw.nl/over-pfzw/beleggen-voor-een-goed-pensioen/soorten-beleggingen.html
Pensioenfonds Zorg & Welzijn	Belgie	Vastgoed	2025-12-31	https://www.pfzw.nl/over-pfzw/beleggen-voor-een-goed-pensioen/soorten-beleggingen.html
Pensioenfonds Zorg & Welzijn	Verenigde Staten	Vastgoed	2025-12-31	https://www.pfzw.nl/over-pfzw/beleggen-voor-een-goed-pensioen/soorten-beleggingen.html
Pensioenfonds Zorg & Welzijn	Verenigde Staten	Vastgoed	2025-12-31	https://www.pfzw.nl/over-pfzw/beleggen-voor-een-goed-pensioen/soorten-beleggingen.html
Pensioenfonds Zorg & Welzijn	Hongkong	Vastgoedbeheer & Ontwikkeling	2025-12-31	https://www.pfzw.nl/over-pfzw/beleggen-voor-een-goed-pensioen/soorten-beleggingen.html
Pensioenfonds Zorg & Welzijn	Duitsland	Vastgoedbeheer & Ontwikkeling	2025-12-31	https://www.pfzw.nl/over-pfzw/beleggen-voor-een-goed-pensioen/soorten-beleggingen.html
Pensioenfonds Zorg & Welzijn	Zuid-Korea	Vastgoed	2025-12-31	https://www.pfzw.nl/over-pfzw/beleggen-voor-een-goed-pensioen/soorten-beleggingen.html
Pensioenfonds Zorg & Welzijn	Verenigde Staten	Vastgoed	2025-12-31	https://www.pfzw.nl/over-pfzw/beleggen-voor-een-goed-pensioen/soorten-beleggingen.html
Pensioenfonds Zorg & Welzijn	Canada	Vastgoed	2025-12-31	https://www.pfzw.nl/over-pfzw/beleggen-voor-een-goed-pensioen/soorten-beleggingen.html
Pensioenfonds Zorg & Welzijn	Verenigde Staten	Vastgoed	2025-12-31	https://www.pfzw.nl/over-pfzw/beleggen-voor-een-goed-pensioen/soorten-beleggingen.html
Pensioenfonds Zorg & Welzijn	Verenigd Koninkrijk	Vastgoed	2025-12-31	https://www.pfzw.nl/over-pfzw/beleggen-voor-een-goed-pensioen/soorten-beleggingen.html
Pensioenfonds Zorg & Welzijn	Japan	Vastgoed	2025-12-31	https://www.pfzw.nl/over-pfzw/beleggen-voor-een-goed-pensioen/soorten-beleggingen.html
Pensioenfonds Zorg & Welzijn	Verenigde Staten	Vastgoed	2025-12-31	https://www.pfzw.nl/over-pfzw/beleggen-voor-een-goed-pensioen/soorten-beleggingen.html
Pensioenfonds Zorg & Welzijn	Japan	Vastgoed	2025-12-31	https://www.pfzw.nl/over-pfzw/beleggen-voor-een-goed-pensioen/soorten-beleggingen.html
Pensioenfonds Zorg & Welzijn	Singapore	Vastgoed	2025-12-31	https://www.pfzw.nl/over-pfzw/beleggen-voor-een-goed-pensioen/soorten-beleggingen.html
Pensioenfonds Zorg & Welzijn	Japan	Vastgoed	2025-12-31	https://www.pfzw.nl/over-pfzw/beleggen-voor-een-goed-pensioen/soorten-beleggingen.html
Pensioenfonds Zorg & Welzijn	Zweden	Vastgoedbeheer & Ontwikkeling	2025-12-31	https://www.pfzw.nl/over-pfzw/beleggen-voor-een-goed-pensioen/soorten-beleggingen.html
Pensioenfonds Zorg & Welzijn	Australie	Vastgoed	2025-12-31	https://www.pfzw.nl/over-pfzw/beleggen-voor-een-goed-pensioen/soorten-beleggingen.html
Pensioenfonds Zorg & Welzijn	Singapore	Vastgoed	2025-12-31	https://www.pfzw.nl/over-pfzw/beleggen-voor-een-goed-pensioen/soorten-beleggingen.html
Pensioenfonds Zorg & Welzijn	Canada	Vastgoedbeheer & Ontwikkeling	2025-12-31	https://www.pfzw.nl/over-pfzw/beleggen-voor-een-goed-pensioen/soorten-beleggingen.html
Pensioenfonds Zorg & Welzijn	Nieuw-Zeeland	Vastgoed	2025-12-31	https://www.pfzw.nl/over-pfzw/beleggen-voor-een-goed-pensioen/soorten-beleggingen.html
Pensioenfonds Zorg & Welzijn	Japan	Vastgoedbeheer & Ontwikkeling	2025-12-31	https://www.pfzw.nl/over-pfzw/beleggen-voor-een-goed-pensioen/soorten-beleggingen.html
Pensioenfonds Zorg & Welzijn	Verenigde Staten	Vastgoed	2025-12-31	https://www.pfzw.nl/over-pfzw/beleggen-voor-een-goed-pensioen/soorten-beleggingen.html
Pensioenfonds Zorg & Welzijn	Hongkong	Vastgoedbeheer & Ontwikkeling	2025-12-31	https://www.pfzw.nl/over-pfzw/beleggen-voor-een-goed-pensioen/soorten-beleggingen.html
Pensioenfonds Zorg & Welzijn	Hongkong	Vastgoed	2025-12-31	https://www.pfzw.nl/over-pfzw/beleggen-voor-een-goed-pensioen/soorten-beleggingen.html
Pensioenfonds Zorg & Welzijn	Verenigde Staten	Vastgoed	2025-12-31	https://www.pfzw.nl/over-pfzw/beleggen-voor-een-goed-pensioen/soorten-beleggingen.html
Pensioenfonds Zorg & Welzijn	Singapore	Vastgoed	2025-12-31	https://www.pfzw.nl/over-pfzw/beleggen-voor-een-goed-pensioen/soorten-beleggingen.html
Pensioenfonds Zorg & Welzijn	Verenigd Koninkrijk	Vastgoed	2025-12-31	https://www.pfzw.nl/over-pfzw/beleggen-voor-een-goed-pensioen/soorten-beleggingen.html
Pensioenfonds Zorg & Welzijn	Zweden	Vastgoedbeheer & Ontwikkeling	2025-12-31	https://www.pfzw.nl/over-pfzw/beleggen-voor-een-goed-pensioen/soorten-beleggingen.html
Pensioenfonds Zorg & Welzijn	Zweden	Vastgoedbeheer & Ontwikkeling	2025-12-31	https://www.pfzw.nl/over-pfzw/beleggen-voor-een-goed-pensioen/soorten-beleggingen.html
Pensioenfonds Zorg & Welzijn	Hongkong	Vastgoedbeheer & Ontwikkeling	2025-12-31	https://www.pfzw.nl/over-pfzw/beleggen-voor-een-goed-pensioen/soorten-beleggingen.html
Pensioenfonds Zorg & Welzijn	Zwitserland	Vastgoedbeheer & Ontwikkeling	2025-12-31	https://www.pfzw.nl/over-pfzw/beleggen-voor-een-goed-pensioen/soorten-beleggingen.html
Pensioenfonds Zorg & Welzijn	Duitsland	Vastgoedbeheer & Ontwikkeling	2025-12-31	https://www.pfzw.nl/over-pfzw/beleggen-voor-een-goed-pensioen/soorten-beleggingen.html
Pensioenfonds Zorg & Welzijn	Verenigde Staten	Vastgoed	2025-12-31	https://www.pfzw.nl/over-pfzw/beleggen-voor-een-goed-pensioen/soorten-beleggingen.html
Pensioenfonds Zorg & Welzijn	Verenigd Koninkrijk	Vastgoed	2025-12-31	https://www.pfzw.nl/over-pfzw/beleggen-voor-een-goed-pensioen/soorten-beleggingen.html
Pensioenfonds Zorg & Welzijn	Verenigde Staten	Vastgoed	2025-12-31	https://www.pfzw.nl/over-pfzw/beleggen-voor-een-goed-pensioen/soorten-beleggingen.html
Pensioenfonds Zorg & Welzijn	Japan	Vastgoedbeheer & Ontwikkeling	2025-12-31	https://www.pfzw.nl/over-pfzw/beleggen-voor-een-goed-pensioen/soorten-beleggingen.html
Pensioenfonds Zorg & Welzijn	Japan	Vastgoed	2025-12-31	https://www.pfzw.nl/over-pfzw/beleggen-voor-een-goed-pensioen/soorten-beleggingen.html
Pensioenfonds Zorg & Welzijn	Verenigd Koninkrijk	Vastgoed	2025-12-31	https://www.pfzw.nl/over-pfzw/beleggen-voor-een-goed-pensioen/soorten-beleggingen.html
Pensioenfonds Zorg & Welzijn	Verenigde Staten	Vastgoed	2025-12-31	https://www.pfzw.nl/over-pfzw/beleggen-voor-een-goed-pensioen/soorten-beleggingen.html
Pensioenfonds Zorg & Welzijn	Verenigde Staten	Vastgoed	2025-12-31	https://www.pfzw.nl/over-pfzw/beleggen-voor-een-goed-pensioen/soorten-beleggingen.html
Pensioenfonds Zorg & Welzijn	Frankrijk	Vastgoed	2025-12-31	https://www.pfzw.nl/over-pfzw/beleggen-voor-een-goed-pensioen/soorten-beleggingen.html
Pensioenfonds Zorg & Welzijn	Verenigd Koninkrijk	Vastgoed	2025-12-31	https://www.pfzw.nl/over-pfzw/beleggen-voor-een-goed-pensioen/soorten-beleggingen.html
Pensioenfonds Zorg & Welzijn	Japan	Vastgoed	2025-12-31	https://www.pfzw.nl/over-pfzw/beleggen-voor-een-goed-pensioen/soorten-beleggingen.html
Pensioenfonds Zorg & Welzijn	Singapore	Vastgoedbeheer & Ontwikkeling	2025-12-31	https://www.pfzw.nl/over-pfzw/beleggen-voor-een-goed-pensioen/soorten-beleggingen.html
Pensioenfonds Zorg & Welzijn	Verenigde Staten	Vastgoed	2025-12-31	https://www.pfzw.nl/over-pfzw/beleggen-voor-een-goed-pensioen/soorten-beleggingen.html
Pensioenfonds Zorg & Welzijn	Belgie	Vastgoed	2025-12-31	https://www.pfzw.nl/over-pfzw/beleggen-voor-een-goed-pensioen/soorten-beleggingen.html
Pensioenfonds Zorg & Welzijn	Verenigde Staten	Vastgoed	2025-12-31	https://www.pfzw.nl/over-pfzw/beleggen-voor-een-goed-pensioen/soorten-beleggingen.html
Pensioenfonds Zorg & Welzijn	Verenigde Staten	Vastgoed	2025-12-31	https://www.pfzw.nl/over-pfzw/beleggen-voor-een-goed-pensioen/soorten-beleggingen.html
Pensioenfonds Zorg & Welzijn	Belgie	Vastgoedbeheer & Ontwikkeling	2025-12-31	https://www.pfzw.nl/over-pfzw/beleggen-voor-een-goed-pensioen/soorten-beleggingen.html
Pensioenfonds Zorg & Welzijn	Australie	Vastgoed	2025-12-31	https://www.pfzw.nl/over-pfzw/beleggen-voor-een-goed-pensioen/soorten-beleggingen.html
Pensioenfonds Zorg & Welzijn	Nieuw-Zeeland	Vastgoed	2025-12-31	https://www.pfzw.nl/over-pfzw/beleggen-voor-een-goed-pensioen/soorten-beleggingen.html
Pensioenfonds Zorg & Welzijn	Duitsland	Vastgoedbeheer & Ontwikkeling	2025-12-31	https://www.pfzw.nl/over-pfzw/beleggen-voor-een-goed-pensioen/soorten-beleggingen.html
Pensioenfonds Zorg & Welzijn	Verenigde Staten	Vastgoed	2025-12-31	https://www.pfzw.nl/over-pfzw/beleggen-voor-een-goed-pensioen/soorten-beleggingen.html
Pensioenfonds Zorg & Welzijn	Zweden	Vastgoedbeheer & Ontwikkeling	2025-12-31	https://www.pfzw.nl/over-pfzw/beleggen-voor-een-goed-pensioen/soorten-beleggingen.html
Pensioenfonds Zorg & Welzijn	Belgie	Vastgoed	2025-12-31	https://www.pfzw.nl/over-pfzw/beleggen-voor-een-goed-pensioen/soorten-beleggingen.html
Pensioenfonds Zorg & Welzijn	Australie	Vastgoed	2025-12-31	https://www.pfzw.nl/over-pfzw/beleggen-voor-een-goed-pensioen/soorten-beleggingen.html
Pensioenfonds Zorg & Welzijn	Verenigde Staten	Vastgoed	2025-12-31	https://www.pfzw.nl/over-pfzw/beleggen-voor-een-goed-pensioen/soorten-beleggingen.html
Pensioenfonds Zorg & Welzijn	Nederland	Vastgoed	2025-12-31	https://www.pfzw.nl/over-pfzw/beleggen-voor-een-goed-pensioen/soorten-beleggingen.html
Pensioenfonds Zorg & Welzijn	Hongkong	Vastgoedbeheer & Ontwikkeling	2025-12-31	https://www.pfzw.nl/over-pfzw/beleggen-voor-een-goed-pensioen/soorten-beleggingen.html
Pensioenfonds Zorg & Welzijn	Zweden	Vastgoedbeheer & Ontwikkeling	2025-12-31	https://www.pfzw.nl/over-pfzw/beleggen-voor-een-goed-pensioen/soorten-beleggingen.html
Pensioenfonds Zorg & Welzijn	Verenigd Koninkrijk	Vastgoed	2025-12-31	https://www.pfzw.nl/over-pfzw/beleggen-voor-een-goed-pensioen/soorten-beleggingen.html
Pensioenfonds Zorg & Welzijn	Verenigde Staten	Vastgoed	2025-12-31	https://www.pfzw.nl/over-pfzw/beleggen-voor-een-goed-pensioen/soorten-beleggingen.html
Pensioenfonds Zorg & Welzijn	Verenigde Staten	Vastgoed	2025-12-31	https://www.pfzw.nl/over-pfzw/beleggen-voor-een-goed-pensioen/soorten-beleggingen.html
Pensioenfonds Zorg & Welzijn	Belgie	Vastgoed	2025-12-31	https://www.pfzw.nl/over-pfzw/beleggen-voor-een-goed-pensioen/soorten-beleggingen.html
