Shareholder	Issuer - Country Name	Issuer - Sector	Security - Report Date	Data Source URL
Pensioenfonds Zorg & Welzjin	Australie	Vastgoed	2025-12-31	https://www.pfzw.nl/over-pfzw/beleggen-voor-een-goed-pensioen/soorten-beleggingen.html
Pensioenfonds Zorg & Welzjin	Australie	Vastgoed	2025-12-31	https://www.pfzw.nl/over-pfzw/beleggen-voor-een-goed-pensioen/soorten-beleggingen.html
Pensioenfonds Zorg & Welzjin	Verenigd Koninkrijk	Vastgoedbeheer & Ontwikkeling	2025-12-31	https://www.pfzw.nl/over-pfzw/beleggen-voor-een-goed-pensioen/soorten-beleggingen.html
Pensioenfonds Zorg & Welzjin	Verenigde Staten	Vastgoed	2025-12-31	https://www.pfzw.nl/over-pfzw/beleggen-voor-een-goed-pensioen/soorten-beleggingen.html
Pensioenfonds Zorg & Welzjin	Japan	Vastgoed	2025-12-31	https://www.pfzw.nl/over-pfzw/beleggen-voor-een-goed-pensioen/soorten-beleggingen.html
Pensioenfonds Zorg & Welzjin	Japan	Vastgoed	2025-12-31	https://www.pfzw.nl/over-pfzw/beleggen-voor-een-goed-pensioen/soorten-beleggingen.html
Pensioenfonds Zorg & Welzjin	Belgie	Vastgoed	2025-12-31	https://www.pfzw.nl/over-pfzw/beleggen-voor-een-goed-pensioen/soorten-beleggingen.html
Pensioenfonds Zorg & Welzjin	Japan	Vastgoed	2025-12-31	https://www.pfzw.nl/over-pfzw/beleggen-voor-een-goed-pensioen/soorten-beleggingen.html
Pensioenfonds Zorg & Welzjin	Verenigd Koninkrijk	Vastgoed	2025-12-31	https://www.pfzw.nl/over-pfzw/beleggen-voor-een-goed-pensioen/soorten-beleggingen.html
Pensioenfonds Zorg & Welzjin	Verenigde Staten	Vastgoed	2025-12-31	https://www.pfzw.nl/over-pfzw/beleggen-voor-een-goed-pensioen/soorten-beleggingen.html
Pensioenfonds Zorg & Welzjin	Singapore	Vastgoed	2025-12-31	https://www.pfzw.nl/over-pfzw/beleggen-voor-een-goed-pensioen/soorten-beleggingen.html
Pensioenfonds Zorg & Welzjin	Verenigde Staten	Vastgoed	2025-12-31	https://www.pfzw.nl/over-pfzw/beleggen-voor-een-goed-pensioen/soorten-beleggingen.html
Pensioenfonds Zorg & Welzjin	Verenigde Staten	Vastgoed	2025-12-31	https://www.pfzw.nl/over-pfzw/beleggen-voor-een-goed-pensioen/soorten-beleggingen.html
Pensioenfonds Zorg & Welzjin	Canada	Vastgoed	2025-12-31	https://www.pfzw.nl/over-pfzw/beleggen-voor-een-goed-pensioen/soorten-beleggingen.html
Pensioenfonds Zorg & Welzjin	Zwitserland	Vastgoedbeheer & Ontwikkeling	2025-12-31	https://www.pfzw.nl/over-pfzw/beleggen-voor-een-goed-pensioen/soorten-beleggingen.html
Pensioenfonds Zorg & Welzjin	Frankrijk	Vastgoed	2025-12-31	https://www.pfzw.nl/over-pfzw/beleggen-voor-een-goed-pensioen/soorten-beleggingen.html
Pensioenfonds Zorg & Welzjin	Verenigde Staten	Vastgoed	2025-12-31	https://www.pfzw.nl/over-pfzw/beleggen-voor-een-goed-pensioen/soorten-beleggingen.html
Pensioenfonds Zorg & Welzjin	Verenigde Staten	Vastgoed	2025-12-31	https://www.pfzw.nl/over-pfzw/beleggen-voor-een-goed-pensioen/soorten-beleggingen.html
Pensioenfonds Zorg & Welzjin	Verenigde Staten	Vastgoed	2025-12-31	https://www.pfzw.nl/over-pfzw/beleggen-voor-een-goed-pensioen/soorten-beleggingen.html
Pensioenfonds Zorg & Welzjin	Verenigde Staten	Vastgoed	2025-12-31	https://www.pfzw.nl/over-pfzw/beleggen-voor-een-goed-pensioen/soorten-beleggingen.html
Pensioenfonds Zorg & Welzjin	Verenigde Staten	Vastgoed	2025-12-31	https://www.pfzw.nl/over-pfzw/beleggen-voor-een-goed-pensioen/soorten-beleggingen.html
Pensioenfonds Zorg & Welzjin	Verenigde Staten	Vastgoed	2025-12-31	https://www.pfzw.nl/over-pfzw/beleggen-voor-een-goed-pensioen/soorten-beleggingen.html
Pensioenfonds Zorg & Welzjin	Verenigde Staten	Vastgoed	2025-12-31	https://www.pfzw.nl/over-pfzw/beleggen-voor-een-goed-pensioen/soorten-beleggingen.html
Pensioenfonds Zorg & Welzjin	Australie	Vastgoed	2025-12-31	https://www.pfzw.nl/over-pfzw/beleggen-voor-een-goed-pensioen/soorten-beleggingen.html
Pensioenfonds Zorg & Welzjin	Frankrijk	Vastgoed	2025-12-31	https://www.pfzw.nl/over-pfzw/beleggen-voor-een-goed-pensioen/soorten-beleggingen.html
Pensioenfonds Zorg & Welzjin	Nieuw-Zeeland	Vastgoed	2025-12-31	https://www.pfzw.nl/over-pfzw/beleggen-voor-een-goed-pensioen/soorten-beleggingen.html
Pensioenfonds Zorg & Welzjin	Duitsland	Vastgoedbeheer & Ontwikkeling	2025-12-31	https://www.pfzw.nl/over-pfzw/beleggen-voor-een-goed-pensioen/soorten-beleggingen.html
Pensioenfonds Zorg & Welzjin	Belgie	Vastgoed	2025-12-31	https://www.pfzw.nl/over-pfzw/beleggen-voor-een-goed-pensioen/soorten-beleggingen.html
Pensioenfonds Zorg & Welzjin	Australie	Vastgoed	2025-12-31	https://www.pfzw.nl/over-pfzw/beleggen-voor-een-goed-pensioen/soorten-beleggingen.html
Pensioenfonds Zorg & Welzjin	Zweden	Vastgoedbeheer & Ontwikkeling	2025-12-31	https://www.pfzw.nl/over-pfzw/beleggen-voor-een-goed-pensioen/soorten-beleggingen.html
Pensioenfonds Zorg & Welzjin	Verenigde Staten	Vastgoed	2025-12-31	https://www.pfzw.nl/over-pfzw/beleggen-voor-een-goed-pensioen/soorten-beleggingen.html
Pensioenfonds Zorg & Welzjin	Verenigd Koninkrijk	Vastgoed	2025-12-31	https://www.pfzw.nl/over-pfzw/beleggen-voor-een-goed-pensioen/soorten-beleggingen.html
Pensioenfonds Zorg & Welzjin	Canada	Vastgoed	2025-12-31	https://www.pfzw.nl/over-pfzw/beleggen-voor-een-goed-pensioen/soorten-beleggingen.html
Pensioenfonds Zorg & Welzjin	Verenigd Koninkrijk	Vastgoed	2025-12-31	https://www.pfzw.nl/over-pfzw/beleggen-voor-een-goed-pensioen/soorten-beleggingen.html
Pensioenfonds Zorg & Welzjin	Verenigde Staten	Vastgoed	2025-12-31	https://www.pfzw.nl/over-pfzw/beleggen-voor-een-goed-pensioen/soorten-beleggingen.html
Pensioenfonds Zorg & Welzjin	Verenigde Staten	Vastgoed	2025-12-31	https://www.pfzw.nl/over-pfzw/beleggen-voor-een-goed-pensioen/soorten-beleggingen.html
Pensioenfonds Zorg & Welzjin	Australie	Vastgoed	2025-12-31	https://www.pfzw.nl/over-pfzw/beleggen-voor-een-goed-pensioen/soorten-beleggingen.html
Pensioenfonds Zorg & Welzjin	Verenigde Staten	Vastgoed	2025-12-31	https://www.pfzw.nl/over-pfzw/beleggen-voor-een-goed-pensioen/soorten-beleggingen.html
Pensioenfonds Zorg & Welzjin	Oostenrijk	Vastgoedbeheer & Ontwikkeling	2025-12-31	https://www.pfzw.nl/over-pfzw/beleggen-voor-een-goed-pensioen/soorten-beleggingen.html
Pensioenfonds Zorg & Welzjin	Verenigde Staten	Vastgoed	2025-12-31	https://www.pfzw.nl/over-pfzw/beleggen-voor-een-goed-pensioen/soorten-beleggingen.html
Pensioenfonds Zorg & Welzjin	Canada	Vastgoed	2025-12-31	https://www.pfzw.nl/over-pfzw/beleggen-voor-een-goed-pensioen/soorten-beleggingen.html
Pensioenfonds Zorg & Welzjin	Singapore	Vastgoed	2025-12-31	https://www.pfzw.nl/over-pfzw/beleggen-voor-een-goed-pensioen/soorten-beleggingen.html
Pensioenfonds Zorg & Welzjin	Singapore	Vastgoed	2025-12-31	https://www.pfzw.nl/over-pfzw/beleggen-voor-een-goed-pensioen/soorten-beleggingen.html
Pensioenfonds Zorg & Welzjin	Singapore	Vastgoed	2025-12-31	https://www.pfzw.nl/over-pfzw/beleggen-voor-een-goed-pensioen/soorten-beleggingen.html
Pensioenfonds Zorg & Welzjin	Singapore	Vastgoedbeheer & Ontwikkeling	2025-12-31	https://www.pfzw.nl/over-pfzw/beleggen-voor-een-goed-pensioen/soorten-beleggingen.html
Pensioenfonds Zorg & Welzjin	Belgie	Vastgoed	2025-12-31	https://www.pfzw.nl/over-pfzw/beleggen-voor-een-goed-pensioen/soorten-beleggingen.html
Pensioenfonds Zorg & Welzjin	Verenigde Staten	Vastgoed	2025-12-31	https://www.pfzw.nl/over-pfzw/beleggen-voor-een-goed-pensioen/soorten-beleggingen.html
Pensioenfonds Zorg & Welzjin	Zweden	Vastgoedbeheer & Ontwikkeling	2025-12-31	https://www.pfzw.nl/over-pfzw/beleggen-voor-een-goed-pensioen/soorten-beleggingen.html
Pensioenfonds Zorg & Welzjin	Zweden	Vastgoedbeheer & Ontwikkeling	2025-12-31	https://www.pfzw.nl/over-pfzw/beleggen-voor-een-goed-pensioen/soorten-beleggingen.html
Pensioenfonds Zorg & Welzjin	Singapore	Vastgoed	2025-12-31	https://www.pfzw.nl/over-pfzw/beleggen-voor-een-goed-pensioen/soorten-beleggingen.html
Pensioenfonds Zorg & Welzjin	Verenigde Staten	Vastgoed	2025-12-31	https://www.pfzw.nl/over-pfzw/beleggen-voor-een-goed-pensioen/soorten-beleggingen.html
Pensioenfonds Zorg & Welzjin	Australie	Vastgoed	2025-12-31	https://www.pfzw.nl/over-pfzw/beleggen-voor-een-goed-pensioen/soorten-beleggingen.html
Pensioenfonds Zorg & Welzjin	Australie	Vastgoed	2025-12-31	https://www.pfzw.nl/over-pfzw/beleggen-voor-een-goed-pensioen/soorten-beleggingen.html
Pensioenfonds Zorg & Welzjin	Hongkong	Vastgoed	2025-12-31	https://www.pfzw.nl/over-pfzw/beleggen-voor-een-goed-pensioen/soorten-beleggingen.html
Pensioenfonds Zorg & Welzjin	Australie	Vastgoed	2025-12-31	https://www.pfzw.nl/over-pfzw/beleggen-voor-een-goed-pensioen/soorten-beleggingen.html
Pensioenfonds Zorg & Welzjin	Australie	Vastgoed	2025-12-31	https://www.pfzw.nl/over-pfzw/beleggen-voor-een-goed-pensioen/soorten-beleggingen.html
Pensioenfonds Zorg & Welzjin	Australie	Vastgoed	2025-12-31	https://www.pfzw.nl/over-pfzw/beleggen-voor-een-goed-pensioen/soorten-beleggingen.html
Pensioenfonds Zorg & Welzjin	Australie	Vastgoed	2025-12-31	https://www.pfzw.nl/over-pfzw/beleggen-voor-een-goed-pensioen/soorten-beleggingen.html
Pensioenfonds Zorg & Welzjin	Canada	Vastgoed	2025-12-31	https://www.pfzw.nl/over-pfzw/beleggen-voor-een-goed-pensioen/soorten-beleggingen.html
Pensioenfonds Zorg & Welzjin	Zweden	Vastgoedbeheer & Ontwikkeling	2025-12-31	https://www.pfzw.nl/over-pfzw/beleggen-voor-een-goed-pensioen/soorten-beleggingen.html
Pensioenfonds Zorg & Welzjin	Singapore	Vastgoedbeheer & Ontwikkeling	2025-12-31	https://www.pfzw.nl/over-pfzw/beleggen-voor-een-goed-pensioen/soorten-beleggingen.html
Pensioenfonds Zorg & Welzjin	Finland	Vastgoedbeheer & Ontwikkeling	2025-12-31	https://www.pfzw.nl/over-pfzw/beleggen-voor-een-goed-pensioen/soorten-beleggingen.html
Pensioenfonds Zorg & Welzjin	Belgie	Vastgoed	2025-12-31	https://www.pfzw.nl/over-pfzw/beleggen-voor-een-goed-pensioen/soorten-beleggingen.html
Pensioenfonds Zorg & Welzjin	Spanje	Vastgoed	2025-12-31	https://www.pfzw.nl/over-pfzw/beleggen-voor-een-goed-pensioen/soorten-beleggingen.html
Pensioenfonds Zorg & Welzjin	Japan	Vastgoed	2025-12-31	https://www.pfzw.nl/over-pfzw/beleggen-voor-een-goed-pensioen/soorten-beleggingen.html
Pensioenfonds Zorg & Welzjin	Verenigde Staten	Vastgoed	2025-12-31	https://www.pfzw.nl/over-pfzw/beleggen-voor-een-goed-pensioen/soorten-beleggingen.html
Pensioenfonds Zorg & Welzjin	Zweden	Vastgoedbeheer & Ontwikkeling	2025-12-31	https://www.pfzw.nl/over-pfzw/beleggen-voor-een-goed-pensioen/soorten-beleggingen.html
Pensioenfonds Zorg & Welzjin	Verenigde Staten	Vastgoed	2025-12-31	https://www.pfzw.nl/over-pfzw/beleggen-voor-een-goed-pensioen/soorten-beleggingen.html
Pensioenfonds Zorg & Welzjin	Frankrijk	Vastgoed	2025-12-31	https://www.pfzw.nl/over-pfzw/beleggen-voor-een-goed-pensioen/soorten-beleggingen.html
Pensioenfonds Zorg & Welzjin	Japan	Vastgoed	2025-12-31	https://www.pfzw.nl/over-pfzw/beleggen-voor-een-goed-pensioen/soorten-beleggingen.html
Pensioenfonds Zorg & Welzjin	Canada	Vastgoed	2025-12-31	https://www.pfzw.nl/over-pfzw/beleggen-voor-een-goed-pensioen/soorten-beleggingen.html
Pensioenfonds Zorg & Welzjin	Australie	Vastgoed	2025-12-31	https://www.pfzw.nl/over-pfzw/beleggen-voor-een-goed-pensioen/soorten-beleggingen.html
Pensioenfonds Zorg & Welzjin	Verenigde Staten	Vastgoed	2025-12-31	https://www.pfzw.nl/over-pfzw/beleggen-voor-een-goed-pensioen/soorten-beleggingen.html
Pensioenfonds Zorg & Welzjin	Verenigde Staten	Vastgoed	2025-12-31	https://www.pfzw.nl/over-pfzw/beleggen-voor-een-goed-pensioen/soorten-beleggingen.html
Pensioenfonds Zorg & Welzjin	Verenigde Staten	Vastgoed	2025-12-31	https://www.pfzw.nl/over-pfzw/beleggen-voor-een-goed-pensioen/soorten-beleggingen.html
Pensioenfonds Zorg & Welzjin	Verenigd Koninkrijk	Vastgoed	2025-12-31	https://www.pfzw.nl/over-pfzw/beleggen-voor-een-goed-pensioen/soorten-beleggingen.html
Pensioenfonds Zorg & Welzjin	Japan	Vastgoed	2025-12-31	https://www.pfzw.nl/over-pfzw/beleggen-voor-een-goed-pensioen/soorten-beleggingen.html
Pensioenfonds Zorg & Welzjin	Japan	Vastgoed	2025-12-31	https://www.pfzw.nl/over-pfzw/beleggen-voor-een-goed-pensioen/soorten-beleggingen.html
Pensioenfonds Zorg & Welzjin	Japan	Vastgoed	2025-12-31	https://www.pfzw.nl/over-pfzw/beleggen-voor-een-goed-pensioen/soorten-beleggingen.html
Pensioenfonds Zorg & Welzjin	Verenigd Koninkrijk	Vastgoed	2025-12-31	https://www.pfzw.nl/over-pfzw/beleggen-voor-een-goed-pensioen/soorten-beleggingen.html
Pensioenfonds Zorg & Welzjin	Duitsland	Vastgoedbeheer & Ontwikkeling	2025-12-31	https://www.pfzw.nl/over-pfzw/beleggen-voor-een-goed-pensioen/soorten-beleggingen.html
Pensioenfonds Zorg & Welzjin	Duitsland	Vastgoedbeheer & Ontwikkeling	2025-12-31	https://www.pfzw.nl/over-pfzw/beleggen-voor-een-goed-pensioen/soorten-beleggingen.html
Pensioenfonds Zorg & Welzjin	Australie	Vastgoed	2025-12-31	https://www.pfzw.nl/over-pfzw/beleggen-voor-een-goed-pensioen/soorten-beleggingen.html
Pensioenfonds Zorg & Welzjin	Australie	Vastgoed	2025-12-31	https://www.pfzw.nl/over-pfzw/beleggen-voor-een-goed-pensioen/soorten-beleggingen.html
Pensioenfonds Zorg & Welzjin	Verenigde Staten	Vastgoed	2025-12-31	https://www.pfzw.nl/over-pfzw/beleggen-voor-een-goed-pensioen/soorten-beleggingen.html
Pensioenfonds Zorg & Welzjin	Australie	Vastgoed	2025-12-31	https://www.pfzw.nl/over-pfzw/beleggen-voor-een-goed-pensioen/soorten-beleggingen.html
Pensioenfonds Zorg & Welzjin	Singapore	Vastgoed	2025-12-31	https://www.pfzw.nl/over-pfzw/beleggen-voor-een-goed-pensioen/soorten-beleggingen.html
Pensioenfonds Zorg & Welzjin	Verenigde Staten	Vastgoed	2025-12-31	https://www.pfzw.nl/over-pfzw/beleggen-voor-een-goed-pensioen/soorten-beleggingen.html
Pensioenfonds Zorg & Welzjin	Zweden	Vastgoedbeheer & Ontwikkeling	2025-12-31	https://www.pfzw.nl/over-pfzw/beleggen-voor-een-goed-pensioen/soorten-beleggingen.html
Pensioenfonds Zorg & Welzjin	Verenigde Staten	Vastgoed	2025-12-31	https://www.pfzw.nl/over-pfzw/beleggen-voor-een-goed-pensioen/soorten-beleggingen.html
Pensioenfonds Zorg & Welzjin	Canada	Vastgoed	2025-12-31	https://www.pfzw.nl/over-pfzw/beleggen-voor-een-goed-pensioen/soorten-beleggingen.html
Pensioenfonds Zorg & Welzjin	Verenigde Staten	Vastgoed	2025-12-31	https://www.pfzw.nl/over-pfzw/beleggen-voor-een-goed-pensioen/soorten-beleggingen.html
Pensioenfonds Zorg & Welzjin	Verenigde Staten	Vastgoed	2025-12-31	https://www.pfzw.nl/over-pfzw/beleggen-voor-een-goed-pensioen/soorten-beleggingen.html
Pensioenfonds Zorg & Welzjin	Verenigde Staten	Vastgoed	2025-12-31	https://www.pfzw.nl/over-pfzw/beleggen-voor-een-goed-pensioen/soorten-beleggingen.html
Pensioenfonds Zorg & Welzjin	Verenigde Staten	Vastgoed	2025-12-31	https://www.pfzw.nl/over-pfzw/beleggen-voor-een-goed-pensioen/soorten-beleggingen.html
Pensioenfonds Zorg & Welzjin	Verenigd Koninkrijk	Vastgoed	2025-12-31	https://www.pfzw.nl/over-pfzw/beleggen-voor-een-goed-pensioen/soorten-beleggingen.html
Pensioenfonds Zorg & Welzjin	Noorwegen	Vastgoedbeheer & Ontwikkeling	2025-12-31	https://www.pfzw.nl/over-pfzw/beleggen-voor-een-goed-pensioen/soorten-beleggingen.html
Pensioenfonds Zorg & Welzjin	Verenigde Staten	Vastgoed	2025-12-31	https://www.pfzw.nl/over-pfzw/beleggen-voor-een-goed-pensioen/soorten-beleggingen.html
Pensioenfonds Zorg & Welzjin	Verenigde Staten	Vastgoed	2025-12-31	https://www.pfzw.nl/over-pfzw/beleggen-voor-een-goed-pensioen/soorten-beleggingen.html
Pensioenfonds Zorg & Welzjin	Verenigde Staten	Vastgoed	2025-12-31	https://www.pfzw.nl/over-pfzw/beleggen-voor-een-goed-pensioen/soorten-beleggingen.html
Pensioenfonds Zorg & Welzjin	Verenigde Staten	Vastgoed	2025-12-31	https://www.pfzw.nl/over-pfzw/beleggen-voor-een-goed-pensioen/soorten-beleggingen.html
Pensioenfonds Zorg & Welzjin	Zuid-Korea	Vastgoed	2025-12-31	https://www.pfzw.nl/over-pfzw/beleggen-voor-een-goed-pensioen/soorten-beleggingen.html
Pensioenfonds Zorg & Welzjin	Singapore	Vastgoed	2025-12-31	https://www.pfzw.nl/over-pfzw/beleggen-voor-een-goed-pensioen/soorten-beleggingen.html
Pensioenfonds Zorg & Welzjin	Verenigde Staten	Vastgoed	2025-12-31	https://www.pfzw.nl/over-pfzw/beleggen-voor-een-goed-pensioen/soorten-beleggingen.html
Pensioenfonds Zorg & Welzjin	Verenigde Staten	Vastgoed	2025-12-31	https://www.pfzw.nl/over-pfzw/beleggen-voor-een-goed-pensioen/soorten-beleggingen.html
Pensioenfonds Zorg & Welzjin	Nederland	Vastgoed	2025-12-31	https://www.pfzw.nl/over-pfzw/beleggen-voor-een-goed-pensioen/soorten-beleggingen.html
Pensioenfonds Zorg & Welzjin	Verenigde Staten	Vastgoed	2025-12-31	https://www.pfzw.nl/over-pfzw/beleggen-voor-een-goed-pensioen/soorten-beleggingen.html
Pensioenfonds Zorg & Welzjin	Zweden	Vastgoedbeheer & Ontwikkeling	2025-12-31	https://www.pfzw.nl/over-pfzw/beleggen-voor-een-goed-pensioen/soorten-beleggingen.html
Pensioenfonds Zorg & Welzjin	Singapore	Vastgoed	2025-12-31	https://www.pfzw.nl/over-pfzw/beleggen-voor-een-goed-pensioen/soorten-beleggingen.html
Pensioenfonds Zorg & Welzjin	Zweden	Vastgoedbeheer & Ontwikkeling	2025-12-31	https://www.pfzw.nl/over-pfzw/beleggen-voor-een-goed-pensioen/soorten-beleggingen.html
Pensioenfonds Zorg & Welzjin	Zweden	Vastgoedbeheer & Ontwikkeling	2025-12-31	https://www.pfzw.nl/over-pfzw/beleggen-voor-een-goed-pensioen/soorten-beleggingen.html
Pensioenfonds Zorg & Welzjin	Verenigde Staten	Vastgoed	2025-12-31	https://www.pfzw.nl/over-pfzw/beleggen-voor-een-goed-pensioen/soorten-beleggingen.html
Pensioenfonds Zorg & Welzjin	Canada	Vastgoed	2025-12-31	https://www.pfzw.nl/over-pfzw/beleggen-voor-een-goed-pensioen/soorten-beleggingen.html
Pensioenfonds Zorg & Welzjin	Verenigde Staten	Vastgoed	2025-12-31	https://www.pfzw.nl/over-pfzw/beleggen-voor-een-goed-pensioen/soorten-beleggingen.html
Pensioenfonds Zorg & Welzjin	Hongkong	Vastgoed	2025-12-31	https://www.pfzw.nl/over-pfzw/beleggen-voor-een-goed-pensioen/soorten-beleggingen.html
Pensioenfonds Zorg & Welzjin	Verenigde Staten	Vastgoed	2025-12-31	https://www.pfzw.nl/over-pfzw/beleggen-voor-een-goed-pensioen/soorten-beleggingen.html
Pensioenfonds Zorg & Welzjin	Singapore	Vastgoed	2025-12-31	https://www.pfzw.nl/over-pfzw/beleggen-voor-een-goed-pensioen/soorten-beleggingen.html
Pensioenfonds Zorg & Welzjin	Singapore	Vastgoed	2025-12-31	https://www.pfzw.nl/over-pfzw/beleggen-voor-een-goed-pensioen/soorten-beleggingen.html
Pensioenfonds Zorg & Welzjin	Japan	Vastgoed	2025-12-31	https://www.pfzw.nl/over-pfzw/beleggen-voor-een-goed-pensioen/soorten-beleggingen.html
Pensioenfonds Zorg & Welzjin	Japan	Vastgoed	2025-12-31	https://www.pfzw.nl/over-pfzw/beleggen-voor-een-goed-pensioen/soorten-beleggingen.html
Pensioenfonds Zorg & Welzjin	Frankrijk	Vastgoed	2025-12-31	https://www.pfzw.nl/over-pfzw/beleggen-voor-een-goed-pensioen/soorten-beleggingen.html
Pensioenfonds Zorg & Welzjin	Verenigde Staten	Vastgoed	2025-12-31	https://www.pfzw.nl/over-pfzw/beleggen-voor-een-goed-pensioen/soorten-beleggingen.html
Pensioenfonds Zorg & Welzjin	Verenigde Staten	Vastgoed	2025-12-31	https://www.pfzw.nl/over-pfzw/beleggen-voor-een-goed-pensioen/soorten-beleggingen.html
Pensioenfonds Zorg & Welzjin	Japan	Vastgoed	2025-12-31	https://www.pfzw.nl/over-pfzw/beleggen-voor-een-goed-pensioen/soorten-beleggingen.html
Pensioenfonds Zorg & Welzjin	Japan	Vastgoed	2025-12-31	https://www.pfzw.nl/over-pfzw/beleggen-voor-een-goed-pensioen/soorten-beleggingen.html
Pensioenfonds Zorg & Welzjin	Australie	Vastgoed	2025-12-31	https://www.pfzw.nl/over-pfzw/beleggen-voor-een-goed-pensioen/soorten-beleggingen.html
Pensioenfonds Zorg & Welzjin	Nieuw-Zeeland	Vastgoed	2025-12-31	https://www.pfzw.nl/over-pfzw/beleggen-voor-een-goed-pensioen/soorten-beleggingen.html
Pensioenfonds Zorg & Welzjin	Australie	Vastgoed	2025-12-31	https://www.pfzw.nl/over-pfzw/beleggen-voor-een-goed-pensioen/soorten-beleggingen.html
Pensioenfonds Zorg & Welzjin	Verenigd Koninkrijk	Vastgoedbeheer & Ontwikkeling	2025-12-31	https://www.pfzw.nl/over-pfzw/beleggen-voor-een-goed-pensioen/soorten-beleggingen.html
Pensioenfonds Zorg & Welzjin	Duitsland	Vastgoedbeheer & Ontwikkeling	2025-12-31	https://www.pfzw.nl/over-pfzw/beleggen-voor-een-goed-pensioen/soorten-beleggingen.html
Pensioenfonds Zorg & Welzjin	Canada	Vastgoed	2025-12-31	https://www.pfzw.nl/over-pfzw/beleggen-voor-een-goed-pensioen/soorten-beleggingen.html
Pensioenfonds Zorg & Welzjin	Verenigd Koninkrijk	Vastgoed	2025-12-31	https://www.pfzw.nl/over-pfzw/beleggen-voor-een-goed-pensioen/soorten-beleggingen.html
Pensioenfonds Zorg & Welzjin	Australie	Vastgoed	2025-12-31	https://www.pfzw.nl/over-pfzw/beleggen-voor-een-goed-pensioen/soorten-beleggingen.html
Pensioenfonds Zorg & Welzjin	Canada	Vastgoed	2025-12-31	https://www.pfzw.nl/over-pfzw/beleggen-voor-een-goed-pensioen/soorten-beleggingen.html
Pensioenfonds Zorg & Welzjin	Duitsland	Vastgoed	2025-12-31	https://www.pfzw.nl/over-pfzw/beleggen-voor-een-goed-pensioen/soorten-beleggingen.html
Pensioenfonds Zorg & Welzjin	Verenigd Koninkrijk	Vastgoed	2025-12-31	https://www.pfzw.nl/over-pfzw/beleggen-voor-een-goed-pensioen/soorten-beleggingen.html
Pensioenfonds Zorg & Welzjin	Japan	Vastgoed	2025-12-31	https://www.pfzw.nl/over-pfzw/beleggen-voor-een-goed-pensioen/soorten-beleggingen.html
Pensioenfonds Zorg & Welzjin	Japan	Vastgoed	2025-12-31	https://www.pfzw.nl/over-pfzw/beleggen-voor-een-goed-pensioen/soorten-beleggingen.html
Pensioenfonds Zorg & Welzjin	Verenigde Staten	Vastgoed	2025-12-31	https://www.pfzw.nl/over-pfzw/beleggen-voor-een-goed-pensioen/soorten-beleggingen.html
Pensioenfonds Zorg & Welzjin	Verenigde Staten	Vastgoed	2025-12-31	https://www.pfzw.nl/over-pfzw/beleggen-voor-een-goed-pensioen/soorten-beleggingen.html
Pensioenfonds Zorg & Welzjin	Zweden	Vastgoedbeheer & Ontwikkeling	2025-12-31	https://www.pfzw.nl/over-pfzw/beleggen-voor-een-goed-pensioen/soorten-beleggingen.html
Pensioenfonds Zorg & Welzjin	Japan	Vastgoedbeheer & Ontwikkeling	2025-12-31	https://www.pfzw.nl/over-pfzw/beleggen-voor-een-goed-pensioen/soorten-beleggingen.html
Pensioenfonds Zorg & Welzjin	Japan	Vastgoed	2025-12-31	https://www.pfzw.nl/over-pfzw/beleggen-voor-een-goed-pensioen/soorten-beleggingen.html
Pensioenfonds Zorg & Welzjin	Verenigd Koninkrijk	Vastgoed	2025-12-31	https://www.pfzw.nl/over-pfzw/beleggen-voor-een-goed-pensioen/soorten-beleggingen.html
Pensioenfonds Zorg & Welzjin	Hongkong	Vastgoedbeheer & Ontwikkeling	2025-12-31	https://www.pfzw.nl/over-pfzw/beleggen-voor-een-goed-pensioen/soorten-beleggingen.html
Pensioenfonds Zorg & Welzjin	Zwitserland	Vastgoedbeheer & Ontwikkeling	2025-12-31	https://www.pfzw.nl/over-pfzw/beleggen-voor-een-goed-pensioen/soorten-beleggingen.html
Pensioenfonds Zorg & Welzjin	Verenigde Staten	Vastgoed	2025-12-31	https://www.pfzw.nl/over-pfzw/beleggen-voor-een-goed-pensioen/soorten-beleggingen.html
Pensioenfonds Zorg & Welzjin	Belgie	Vastgoed	2025-12-31	https://www.pfzw.nl/over-pfzw/beleggen-voor-een-goed-pensioen/soorten-beleggingen.html
Pensioenfonds Zorg & Welzjin	Australie	Vastgoed	2025-12-31	https://www.pfzw.nl/over-pfzw/beleggen-voor-een-goed-pensioen/soorten-beleggingen.html
Pensioenfonds Zorg & Welzjin	Hongkong	Vastgoedbeheer & Ontwikkeling	2025-12-31	https://www.pfzw.nl/over-pfzw/beleggen-voor-een-goed-pensioen/soorten-beleggingen.html
Pensioenfonds Zorg & Welzjin	Japan	Vastgoed	2025-12-31	https://www.pfzw.nl/over-pfzw/beleggen-voor-een-goed-pensioen/soorten-beleggingen.html
Pensioenfonds Zorg & Welzjin	Verenigde Staten	Vastgoed	2025-12-31	https://www.pfzw.nl/over-pfzw/beleggen-voor-een-goed-pensioen/soorten-beleggingen.html
Pensioenfonds Zorg & Welzjin	Zweden	Vastgoedbeheer & Ontwikkeling	2025-12-31	https://www.pfzw.nl/over-pfzw/beleggen-voor-een-goed-pensioen/soorten-beleggingen.html
Pensioenfonds Zorg & Welzjin	Japan	Vastgoedbeheer & Ontwikkeling	2025-12-31	https://www.pfzw.nl/over-pfzw/beleggen-voor-een-goed-pensioen/soorten-beleggingen.html
Pensioenfonds Zorg & Welzjin	Japan	Vastgoed	2025-12-31	https://www.pfzw.nl/over-pfzw/beleggen-voor-een-goed-pensioen/soorten-beleggingen.html
Pensioenfonds Zorg & Welzjin	Hongkong	Vastgoedbeheer & Ontwikkeling	2025-12-31	https://www.pfzw.nl/over-pfzw/beleggen-voor-een-goed-pensioen/soorten-beleggingen.html
Pensioenfonds Zorg & Welzjin	Frankrijk	Vastgoed	2025-12-31	https://www.pfzw.nl/over-pfzw/beleggen-voor-een-goed-pensioen/soorten-beleggingen.html
Pensioenfonds Zorg & Welzjin	Japan	Vastgoed	2025-12-31	https://www.pfzw.nl/over-pfzw/beleggen-voor-een-goed-pensioen/soorten-beleggingen.html
Pensioenfonds Zorg & Welzjin	Italie	Vastgoed	2025-12-31	https://www.pfzw.nl/over-pfzw/beleggen-voor-een-goed-pensioen/soorten-beleggingen.html
Pensioenfonds Zorg & Welzjin	Verenigde Staten	Vastgoed	2025-12-31	https://www.pfzw.nl/over-pfzw/beleggen-voor-een-goed-pensioen/soorten-beleggingen.html
Pensioenfonds Zorg & Welzjin	Japan	Vastgoed	2025-12-31	https://www.pfzw.nl/over-pfzw/beleggen-voor-een-goed-pensioen/soorten-beleggingen.html
Pensioenfonds Zorg & Welzjin	Australie	Vastgoed	2025-12-31	https://www.pfzw.nl/over-pfzw/beleggen-voor-een-goed-pensioen/soorten-beleggingen.html
Pensioenfonds Zorg & Welzjin	Verenigde Staten	Vastgoed	2025-12-31	https://www.pfzw.nl/over-pfzw/beleggen-voor-een-goed-pensioen/soorten-beleggingen.html
Pensioenfonds Zorg & Welzjin	Zweden	Vastgoedbeheer & Ontwikkeling	2025-12-31	https://www.pfzw.nl/over-pfzw/beleggen-voor-een-goed-pensioen/soorten-beleggingen.html
Pensioenfonds Zorg & Welzjin	Canada	Vastgoed	2025-12-31	https://www.pfzw.nl/over-pfzw/beleggen-voor-een-goed-pensioen/soorten-beleggingen.html
Pensioenfonds Zorg & Welzjin	Zwitserland	Vastgoedbeheer & Ontwikkeling	2025-12-31	https://www.pfzw.nl/over-pfzw/beleggen-voor-een-goed-pensioen/soorten-beleggingen.html
Pensioenfonds Zorg & Welzjin	Verenigde Staten	Vastgoed	2025-12-31	https://www.pfzw.nl/over-pfzw/beleggen-voor-een-goed-pensioen/soorten-beleggingen.html
Pensioenfonds Zorg & Welzjin	Zwitserland	Vastgoedbeheer & Ontwikkeling	2025-12-31	https://www.pfzw.nl/over-pfzw/beleggen-voor-een-goed-pensioen/soorten-beleggingen.html
Pensioenfonds Zorg & Welzjin	Japan	Vastgoed	2025-12-31	https://www.pfzw.nl/over-pfzw/beleggen-voor-een-goed-pensioen/soorten-beleggingen.html
Pensioenfonds Zorg & Welzjin	Verenigde Staten	Vastgoed	2025-12-31	https://www.pfzw.nl/over-pfzw/beleggen-voor-een-goed-pensioen/soorten-beleggingen.html
Pensioenfonds Zorg & Welzjin	Ierland	Vastgoed	2025-12-31	https://www.pfzw.nl/over-pfzw/beleggen-voor-een-goed-pensioen/soorten-beleggingen.html
Pensioenfonds Zorg & Welzjin	Verenigde Staten	Vastgoed	2025-12-31	https://www.pfzw.nl/over-pfzw/beleggen-voor-een-goed-pensioen/soorten-beleggingen.html
Pensioenfonds Zorg & Welzjin	Japan	Vastgoed	2025-12-31	https://www.pfzw.nl/over-pfzw/beleggen-voor-een-goed-pensioen/soorten-beleggingen.html
Pensioenfonds Zorg & Welzjin	Japan	Vastgoed	2025-12-31	https://www.pfzw.nl/over-pfzw/beleggen-voor-een-goed-pensioen/soorten-beleggingen.html
Pensioenfonds Zorg & Welzjin	Japan	Vastgoed	2025-12-31	https://www.pfzw.nl/over-pfzw/beleggen-voor-een-goed-pensioen/soorten-beleggingen.html
Pensioenfonds Zorg & Welzjin	Japan	Vastgoed	2025-12-31	https://www.pfzw.nl/over-pfzw/beleggen-voor-een-goed-pensioen/soorten-beleggingen.html
Pensioenfonds Zorg & Welzjin	Japan	Vastgoed	2025-12-31	https://www.pfzw.nl/over-pfzw/beleggen-voor-een-goed-pensioen/soorten-beleggingen.html
Pensioenfonds Zorg & Welzjin	Japan	Vastgoed	2025-12-31	https://www.pfzw.nl/over-pfzw/beleggen-voor-een-goed-pensioen/soorten-beleggingen.html
Pensioenfonds Zorg & Welzjin	Verenigde Staten	Vastgoed	2025-12-31	https://www.pfzw.nl/over-pfzw/beleggen-voor-een-goed-pensioen/soorten-beleggingen.html
Pensioenfonds Zorg & Welzjin	Zuid-Korea	Vastgoed	2025-12-31	https://www.pfzw.nl/over-pfzw/beleggen-voor-een-goed-pensioen/soorten-beleggingen.html
Pensioenfonds Zorg & Welzjin	Japan	Vastgoedbeheer & Ontwikkeling	2025-12-31	https://www.pfzw.nl/over-pfzw/beleggen-voor-een-goed-pensioen/soorten-beleggingen.html
Pensioenfonds Zorg & Welzjin	Japan	Vastgoed	2025-12-31	https://www.pfzw.nl/over-pfzw/beleggen-voor-een-goed-pensioen/soorten-beleggingen.html
Pensioenfonds Zorg & Welzjin	Verenigde Staten	Vastgoedbeheer & Ontwikkeling	2025-12-31	https://www.pfzw.nl/over-pfzw/beleggen-voor-een-goed-pensioen/soorten-beleggingen.html
Pensioenfonds Zorg & Welzjin	Singapore	Vastgoed	2025-12-31	https://www.pfzw.nl/over-pfzw/beleggen-voor-een-goed-pensioen/soorten-beleggingen.html
Pensioenfonds Zorg & Welzjin	Singapore	Vastgoed	2025-12-31	https://www.pfzw.nl/over-pfzw/beleggen-voor-een-goed-pensioen/soorten-beleggingen.html
Pensioenfonds Zorg & Welzjin	Canada	Vastgoed	2025-12-31	https://www.pfzw.nl/over-pfzw/beleggen-voor-een-goed-pensioen/soorten-beleggingen.html
Pensioenfonds Zorg & Welzjin	Verenigde Staten	Vastgoed	2025-12-31	https://www.pfzw.nl/over-pfzw/beleggen-voor-een-goed-pensioen/soorten-beleggingen.html
Pensioenfonds Zorg & Welzjin	Verenigde Staten	Vastgoed	2025-12-31	https://www.pfzw.nl/over-pfzw/beleggen-voor-een-goed-pensioen/soorten-beleggingen.html
Pensioenfonds Zorg & Welzjin	Verenigde Staten	Vastgoed	2025-12-31	https://www.pfzw.nl/over-pfzw/beleggen-voor-een-goed-pensioen/soorten-beleggingen.html
Pensioenfonds Zorg & Welzjin	Nieuw-Zeeland	Vastgoed	2025-12-31	https://www.pfzw.nl/over-pfzw/beleggen-voor-een-goed-pensioen/soorten-beleggingen.html
Pensioenfonds Zorg & Welzjin	Frankrijk	Vastgoed	2025-12-31	https://www.pfzw.nl/over-pfzw/beleggen-voor-een-goed-pensioen/soorten-beleggingen.html
Pensioenfonds Zorg & Welzjin	Finland	Vastgoedbeheer & Ontwikkeling	2025-12-31	https://www.pfzw.nl/over-pfzw/beleggen-voor-een-goed-pensioen/soorten-beleggingen.html
Pensioenfonds Zorg & Welzjin	Verenigd Koninkrijk	Vastgoed	2025-12-31	https://www.pfzw.nl/over-pfzw/beleggen-voor-een-goed-pensioen/soorten-beleggingen.html
Pensioenfonds Zorg & Welzjin	Japan	Vastgoed	2025-12-31	https://www.pfzw.nl/over-pfzw/beleggen-voor-een-goed-pensioen/soorten-beleggingen.html
Pensioenfonds Zorg & Welzjin	Duitsland	Vastgoedbeheer & Ontwikkeling	2025-12-31	https://www.pfzw.nl/over-pfzw/beleggen-voor-een-goed-pensioen/soorten-beleggingen.html
Pensioenfonds Zorg & Welzjin	Singapore	Vastgoed	2025-12-31	https://www.pfzw.nl/over-pfzw/beleggen-voor-een-goed-pensioen/soorten-beleggingen.html
Pensioenfonds Zorg & Welzjin	Verenigd Koninkrijk	Vastgoed	2025-12-31	https://www.pfzw.nl/over-pfzw/beleggen-voor-een-goed-pensioen/soorten-beleggingen.html
Pensioenfonds Zorg & Welzjin	Australie	Vastgoedbeheer & Ontwikkeling	2025-12-31	https://www.pfzw.nl/over-pfzw/beleggen-voor-een-goed-pensioen/soorten-beleggingen.html
Pensioenfonds Zorg & Welzjin	Verenigde Staten	Vastgoed	2025-12-31	https://www.pfzw.nl/over-pfzw/beleggen-voor-een-goed-pensioen/soorten-beleggingen.html
Pensioenfonds Zorg & Welzjin	Hongkong	Vastgoed	2025-12-31	https://www.pfzw.nl/over-pfzw/beleggen-voor-een-goed-pensioen/soorten-beleggingen.html
Pensioenfonds Zorg & Welzjin	Zweden	Vastgoedbeheer & Ontwikkeling	2025-12-31	https://www.pfzw.nl/over-pfzw/beleggen-voor-een-goed-pensioen/soorten-beleggingen.html
Pensioenfonds Zorg & Welzjin	Verenigd Koninkrijk	Vastgoed	2025-12-31	https://www.pfzw.nl/over-pfzw/beleggen-voor-een-goed-pensioen/soorten-beleggingen.html
Pensioenfonds Zorg & Welzjin	Zuid-Korea	Vastgoed	2025-12-31	https://www.pfzw.nl/over-pfzw/beleggen-voor-een-goed-pensioen/soorten-beleggingen.html
Pensioenfonds Zorg & Welzjin	Verenigde Staten	Vastgoed	2025-12-31	https://www.pfzw.nl/over-pfzw/beleggen-voor-een-goed-pensioen/soorten-beleggingen.html
Pensioenfonds Zorg & Welzjin	Verenigde Staten	Vastgoed	2025-12-31	https://www.pfzw.nl/over-pfzw/beleggen-voor-een-goed-pensioen/soorten-beleggingen.html
Pensioenfonds Zorg & Welzjin	Verenigde Staten	Vastgoed	2025-12-31	https://www.pfzw.nl/over-pfzw/beleggen-voor-een-goed-pensioen/soorten-beleggingen.html
Pensioenfonds Zorg & Welzjin	Singapore	Vastgoed	2025-12-31	https://www.pfzw.nl/over-pfzw/beleggen-voor-een-goed-pensioen/soorten-beleggingen.html
Pensioenfonds Zorg & Welzjin	Singapore	Vastgoed	2025-12-31	https://www.pfzw.nl/over-pfzw/beleggen-voor-een-goed-pensioen/soorten-beleggingen.html
Pensioenfonds Zorg & Welzjin	Singapore	Vastgoed	2025-12-31	https://www.pfzw.nl/over-pfzw/beleggen-voor-een-goed-pensioen/soorten-beleggingen.html
Pensioenfonds Zorg & Welzjin	Verenigde Staten	Vastgoed	2025-12-31	https://www.pfzw.nl/over-pfzw/beleggen-voor-een-goed-pensioen/soorten-beleggingen.html
Pensioenfonds Zorg & Welzjin	Frankrijk	Vastgoed	2025-12-31	https://www.pfzw.nl/over-pfzw/beleggen-voor-een-goed-pensioen/soorten-beleggingen.html
Pensioenfonds Zorg & Welzjin	Spanje	Vastgoed	2025-12-31	https://www.pfzw.nl/over-pfzw/beleggen-voor-een-goed-pensioen/soorten-beleggingen.html
Pensioenfonds Zorg & Welzjin	Verenigde Staten	Vastgoed	2025-12-31	https://www.pfzw.nl/over-pfzw/beleggen-voor-een-goed-pensioen/soorten-beleggingen.html
Pensioenfonds Zorg & Welzjin	Japan	Vastgoed	2025-12-31	https://www.pfzw.nl/over-pfzw/beleggen-voor-een-goed-pensioen/soorten-beleggingen.html
Pensioenfonds Zorg & Welzjin	Japan	Vastgoed	2025-12-31	https://www.pfzw.nl/over-pfzw/beleggen-voor-een-goed-pensioen/soorten-beleggingen.html
Pensioenfonds Zorg & Welzjin	Australie	Vastgoed	2025-12-31	https://www.pfzw.nl/over-pfzw/beleggen-voor-een-goed-pensioen/soorten-beleggingen.html
Pensioenfonds Zorg & Welzjin	Japan	Vastgoedbeheer & Ontwikkeling	2025-12-31	https://www.pfzw.nl/over-pfzw/beleggen-voor-een-goed-pensioen/soorten-beleggingen.html
Pensioenfonds Zorg & Welzjin	Japan	Vastgoed	2025-12-31	https://www.pfzw.nl/over-pfzw/beleggen-voor-een-goed-pensioen/soorten-beleggingen.html
Pensioenfonds Zorg & Welzjin	Japan	Vastgoed	2025-12-31	https://www.pfzw.nl/over-pfzw/beleggen-voor-een-goed-pensioen/soorten-beleggingen.html
Pensioenfonds Zorg & Welzjin	Japan	Vastgoedbeheer & Ontwikkeling	2025-12-31	https://www.pfzw.nl/over-pfzw/beleggen-voor-een-goed-pensioen/soorten-beleggingen.html
Pensioenfonds Zorg & Welzjin	Japan	Vastgoed	2025-12-31	https://www.pfzw.nl/over-pfzw/beleggen-voor-een-goed-pensioen/soorten-beleggingen.html
Pensioenfonds Zorg & Welzjin	Zwitserland	Vastgoedbeheer & Ontwikkeling	2025-12-31	https://www.pfzw.nl/over-pfzw/beleggen-voor-een-goed-pensioen/soorten-beleggingen.html
Pensioenfonds Zorg & Welzjin	Belgie	Vastgoed	2025-12-31	https://www.pfzw.nl/over-pfzw/beleggen-voor-een-goed-pensioen/soorten-beleggingen.html
Pensioenfonds Zorg & Welzjin	Japan	Vastgoed	2025-12-31	https://www.pfzw.nl/over-pfzw/beleggen-voor-een-goed-pensioen/soorten-beleggingen.html
Pensioenfonds Zorg & Welzjin	Japan	Vastgoed	2025-12-31	https://www.pfzw.nl/over-pfzw/beleggen-voor-een-goed-pensioen/soorten-beleggingen.html
Pensioenfonds Zorg & Welzjin	Verenigde Staten	Vastgoed	2025-12-31	https://www.pfzw.nl/over-pfzw/beleggen-voor-een-goed-pensioen/soorten-beleggingen.html
Pensioenfonds Zorg & Welzjin	Verenigde Staten	Vastgoed	2025-12-31	https://www.pfzw.nl/over-pfzw/beleggen-voor-een-goed-pensioen/soorten-beleggingen.html
Pensioenfonds Zorg & Welzjin	Australie	Vastgoed	2025-12-31	https://www.pfzw.nl/over-pfzw/beleggen-voor-een-goed-pensioen/soorten-beleggingen.html
Pensioenfonds Zorg & Welzjin	Zweden	Vastgoedbeheer & Ontwikkeling	2025-12-31	https://www.pfzw.nl/over-pfzw/beleggen-voor-een-goed-pensioen/soorten-beleggingen.html
Pensioenfonds Zorg & Welzjin	Verenigde Staten	Vastgoed	2025-12-31	https://www.pfzw.nl/over-pfzw/beleggen-voor-een-goed-pensioen/soorten-beleggingen.html
Pensioenfonds Zorg & Welzjin	Hongkong	Vastgoedbeheer & Ontwikkeling	2025-12-31	https://www.pfzw.nl/over-pfzw/beleggen-voor-een-goed-pensioen/soorten-beleggingen.html
Pensioenfonds Zorg & Welzjin	Verenigd Koninkrijk	Vastgoed	2025-12-31	https://www.pfzw.nl/over-pfzw/beleggen-voor-een-goed-pensioen/soorten-beleggingen.html
Pensioenfonds Zorg & Welzjin	Verenigde Staten	Vastgoed	2025-12-31	https://www.pfzw.nl/over-pfzw/beleggen-voor-een-goed-pensioen/soorten-beleggingen.html
Pensioenfonds Zorg & Welzjin	Canada	Vastgoed	2025-12-31	https://www.pfzw.nl/over-pfzw/beleggen-voor-een-goed-pensioen/soorten-beleggingen.html
Pensioenfonds Zorg & Welzjin	Japan	Vastgoed	2025-12-31	https://www.pfzw.nl/over-pfzw/beleggen-voor-een-goed-pensioen/soorten-beleggingen.html
Pensioenfonds Zorg & Welzjin	Japan	Vastgoed	2025-12-31	https://www.pfzw.nl/over-pfzw/beleggen-voor-een-goed-pensioen/soorten-beleggingen.html
Pensioenfonds Zorg & Welzjin	Japan	Vastgoed	2025-12-31	https://www.pfzw.nl/over-pfzw/beleggen-voor-een-goed-pensioen/soorten-beleggingen.html
Pensioenfonds Zorg & Welzjin	Verenigde Staten	Vastgoed	2025-12-31	https://www.pfzw.nl/over-pfzw/beleggen-voor-een-goed-pensioen/soorten-beleggingen.html
Pensioenfonds Zorg & Welzjin	Japan	Vastgoedbeheer & Ontwikkeling	2025-12-31	https://www.pfzw.nl/over-pfzw/beleggen-voor-een-goed-pensioen/soorten-beleggingen.html
Pensioenfonds Zorg & Welzjin	Japan	Vastgoed	2025-12-31	https://www.pfzw.nl/over-pfzw/beleggen-voor-een-goed-pensioen/soorten-beleggingen.html
Pensioenfonds Zorg & Welzjin	Canada	Vastgoed	2025-12-31	https://www.pfzw.nl/over-pfzw/beleggen-voor-een-goed-pensioen/soorten-beleggingen.html
Pensioenfonds Zorg & Welzjin	Zweden	Vastgoedbeheer & Ontwikkeling	2025-12-31	https://www.pfzw.nl/over-pfzw/beleggen-voor-een-goed-pensioen/soorten-beleggingen.html
Pensioenfonds Zorg & Welzjin	Nederland	Vastgoed	2025-12-31	https://www.pfzw.nl/over-pfzw/beleggen-voor-een-goed-pensioen/soorten-beleggingen.html
Pensioenfonds Zorg & Welzjin	Japan	Vastgoed	2025-12-31	https://www.pfzw.nl/over-pfzw/beleggen-voor-een-goed-pensioen/soorten-beleggingen.html
Pensioenfonds Zorg & Welzjin	Zweden	Vastgoedbeheer & Ontwikkeling	2025-12-31	https://www.pfzw.nl/over-pfzw/beleggen-voor-een-goed-pensioen/soorten-beleggingen.html
Pensioenfonds Zorg & Welzjin	Verenigde Staten	Vastgoed	2025-12-31	https://www.pfzw.nl/over-pfzw/beleggen-voor-een-goed-pensioen/soorten-beleggingen.html
Pensioenfonds Zorg & Welzjin	Japan	Vastgoed	2025-12-31	https://www.pfzw.nl/over-pfzw/beleggen-voor-een-goed-pensioen/soorten-beleggingen.html
Pensioenfonds Zorg & Welzjin	Japan	Vastgoed	2025-12-31	https://www.pfzw.nl/over-pfzw/beleggen-voor-een-goed-pensioen/soorten-beleggingen.html
Pensioenfonds Zorg & Welzjin	Singapore	Vastgoed	2025-12-31	https://www.pfzw.nl/over-pfzw/beleggen-voor-een-goed-pensioen/soorten-beleggingen.html
Pensioenfonds Zorg & Welzjin	Zweden	Vastgoedbeheer & Ontwikkeling	2025-12-31	https://www.pfzw.nl/over-pfzw/beleggen-voor-een-goed-pensioen/soorten-beleggingen.html
Pensioenfonds Zorg & Welzjin	Verenigde Staten	Vastgoed	2025-12-31	https://www.pfzw.nl/over-pfzw/beleggen-voor-een-goed-pensioen/soorten-beleggingen.html
Pensioenfonds Zorg & Welzjin	Singapore	Vastgoed	2025-12-31	https://www.pfzw.nl/over-pfzw/beleggen-voor-een-goed-pensioen/soorten-beleggingen.html
Pensioenfonds Zorg & Welzjin	Zwitserland	Vastgoedbeheer & Ontwikkeling	2025-12-31	https://www.pfzw.nl/over-pfzw/beleggen-voor-een-goed-pensioen/soorten-beleggingen.html
Pensioenfonds Zorg & Welzjin	Verenigde Staten	Vastgoed	2025-12-31	https://www.pfzw.nl/over-pfzw/beleggen-voor-een-goed-pensioen/soorten-beleggingen.html
Pensioenfonds Zorg & Welzjin	Verenigde Staten	Vastgoed	2025-12-31	https://www.pfzw.nl/over-pfzw/beleggen-voor-een-goed-pensioen/soorten-beleggingen.html
Pensioenfonds Zorg & Welzjin	Verenigd Koninkrijk	Vastgoed	2025-12-31	https://www.pfzw.nl/over-pfzw/beleggen-voor-een-goed-pensioen/soorten-beleggingen.html
Pensioenfonds Zorg & Welzjin	Verenigde Staten	Vastgoed	2025-12-31	https://www.pfzw.nl/over-pfzw/beleggen-voor-een-goed-pensioen/soorten-beleggingen.html
Pensioenfonds Zorg & Welzjin	Zweden	Vastgoedbeheer & Ontwikkeling	2025-12-31	https://www.pfzw.nl/over-pfzw/beleggen-voor-een-goed-pensioen/soorten-beleggingen.html
Pensioenfonds Zorg & Welzjin	Nieuw-Zeeland	Vastgoed	2025-12-31	https://www.pfzw.nl/over-pfzw/beleggen-voor-een-goed-pensioen/soorten-beleggingen.html
Pensioenfonds Zorg & Welzjin	Canada	Vastgoed	2025-12-31	https://www.pfzw.nl/over-pfzw/beleggen-voor-een-goed-pensioen/soorten-beleggingen.html
Pensioenfonds Zorg & Welzjin	Verenigd Koninkrijk	Vastgoed	2025-12-31	https://www.pfzw.nl/over-pfzw/beleggen-voor-een-goed-pensioen/soorten-beleggingen.html
Pensioenfonds Zorg & Welzjin	Verenigde Staten	Vastgoed	2025-12-31	https://www.pfzw.nl/over-pfzw/beleggen-voor-een-goed-pensioen/soorten-beleggingen.html
Pensioenfonds Zorg & Welzjin	Hongkong	Vastgoed	2025-12-31	https://www.pfzw.nl/over-pfzw/beleggen-voor-een-goed-pensioen/soorten-beleggingen.html
Pensioenfonds Zorg & Welzjin	Zwitserland	Vastgoedbeheer & Ontwikkeling	2025-12-31	https://www.pfzw.nl/over-pfzw/beleggen-voor-een-goed-pensioen/soorten-beleggingen.html
Pensioenfonds Zorg & Welzjin	Noorwegen	Vastgoedbeheer & Ontwikkeling	2025-12-31	https://www.pfzw.nl/over-pfzw/beleggen-voor-een-goed-pensioen/soorten-beleggingen.html
Pensioenfonds Zorg & Welzjin	Verenigde Staten	Vastgoed	2025-12-31	https://www.pfzw.nl/over-pfzw/beleggen-voor-een-goed-pensioen/soorten-beleggingen.html
Pensioenfonds Zorg & Welzjin	Verenigde Staten	Vastgoed	2025-12-31	https://www.pfzw.nl/over-pfzw/beleggen-voor-een-goed-pensioen/soorten-beleggingen.html
Pensioenfonds Zorg & Welzjin	Australie	Vastgoed	2025-12-31	https://www.pfzw.nl/over-pfzw/beleggen-voor-een-goed-pensioen/soorten-beleggingen.html
Pensioenfonds Zorg & Welzjin	Verenigd Koninkrijk	Vastgoed	2025-12-31	https://www.pfzw.nl/over-pfzw/beleggen-voor-een-goed-pensioen/soorten-beleggingen.html
Pensioenfonds Zorg & Welzjin	Verenigd Koninkrijk	Vastgoed	2025-12-31	https://www.pfzw.nl/over-pfzw/beleggen-voor-een-goed-pensioen/soorten-beleggingen.html
Pensioenfonds Zorg & Welzjin	Belgie	Vastgoed	2025-12-31	https://www.pfzw.nl/over-pfzw/beleggen-voor-een-goed-pensioen/soorten-beleggingen.html
Pensioenfonds Zorg & Welzjin	Verenigde Staten	Vastgoed	2025-12-31	https://www.pfzw.nl/over-pfzw/beleggen-voor-een-goed-pensioen/soorten-beleggingen.html
Pensioenfonds Zorg & Welzjin	Canada	Vastgoed	2025-12-31	https://www.pfzw.nl/over-pfzw/beleggen-voor-een-goed-pensioen/soorten-beleggingen.html
Pensioenfonds Zorg & Welzjin	Verenigde Staten	Vastgoed	2025-12-31	https://www.pfzw.nl/over-pfzw/beleggen-voor-een-goed-pensioen/soorten-beleggingen.html
Pensioenfonds Zorg & Welzjin	Verenigde Staten	Vastgoed	2025-12-31	https://www.pfzw.nl/over-pfzw/beleggen-voor-een-goed-pensioen/soorten-beleggingen.html
Pensioenfonds Zorg & Welzjin	Verenigde Staten	Vastgoed	2025-12-31	https://www.pfzw.nl/over-pfzw/beleggen-voor-een-goed-pensioen/soorten-beleggingen.html
Pensioenfonds Zorg & Welzjin	Verenigde Staten	Vastgoed	2025-12-31	https://www.pfzw.nl/over-pfzw/beleggen-voor-een-goed-pensioen/soorten-beleggingen.html
Pensioenfonds Zorg & Welzjin	Verenigd Koninkrijk	Vastgoed	2025-12-31	https://www.pfzw.nl/over-pfzw/beleggen-voor-een-goed-pensioen/soorten-beleggingen.html
Pensioenfonds Zorg & Welzjin	Zweden	Vastgoedbeheer & Ontwikkeling	2025-12-31	https://www.pfzw.nl/over-pfzw/beleggen-voor-een-goed-pensioen/soorten-beleggingen.html
Pensioenfonds Zorg & Welzjin	Zweden	Vastgoedbeheer & Ontwikkeling	2025-12-31	https://www.pfzw.nl/over-pfzw/beleggen-voor-een-goed-pensioen/soorten-beleggingen.html
Pensioenfonds Zorg & Welzjin	Japan	Vastgoed	2025-12-31	https://www.pfzw.nl/over-pfzw/beleggen-voor-een-goed-pensioen/soorten-beleggingen.html
Pensioenfonds Zorg & Welzjin	Japan	Vastgoed	2025-12-31	https://www.pfzw.nl/over-pfzw/beleggen-voor-een-goed-pensioen/soorten-beleggingen.html
Pensioenfonds Zorg & Welzjin	Australie	Vastgoed	2025-12-31	https://www.pfzw.nl/over-pfzw/beleggen-voor-een-goed-pensioen/soorten-beleggingen.html
Pensioenfonds Zorg & Welzjin	Verenigd Koninkrijk	Vastgoed	2025-12-31	https://www.pfzw.nl/over-pfzw/beleggen-voor-een-goed-pensioen/soorten-beleggingen.html
Pensioenfonds Zorg & Welzjin	Verenigd Koninkrijk	Vastgoed	2025-12-31	https://www.pfzw.nl/over-pfzw/beleggen-voor-een-goed-pensioen/soorten-beleggingen.html
Pensioenfonds Zorg & Welzjin	Japan	Vastgoed	2025-12-31	https://www.pfzw.nl/over-pfzw/beleggen-voor-een-goed-pensioen/soorten-beleggingen.html
Pensioenfonds Zorg & Welzjin	Verenigd Koninkrijk	Vastgoed	2025-12-31	https://www.pfzw.nl/over-pfzw/beleggen-voor-een-goed-pensioen/soorten-beleggingen.html
Pensioenfonds Zorg & Welzjin	Zuid-Korea	Vastgoed	2025-12-31	https://www.pfzw.nl/over-pfzw/beleggen-voor-een-goed-pensioen/soorten-beleggingen.html
Pensioenfonds Zorg & Welzjin	Belgie	Vastgoed	2025-12-31	https://www.pfzw.nl/over-pfzw/beleggen-voor-een-goed-pensioen/soorten-beleggingen.html
Pensioenfonds Zorg & Welzjin	Verenigde Staten	Vastgoed	2025-12-31	https://www.pfzw.nl/over-pfzw/beleggen-voor-een-goed-pensioen/soorten-beleggingen.html
Pensioenfonds Zorg & Welzjin	Verenigde Staten	Vastgoed	2025-12-31	https://www.pfzw.nl/over-pfzw/beleggen-voor-een-goed-pensioen/soorten-beleggingen.html
Pensioenfonds Zorg & Welzjin	Hongkong	Vastgoedbeheer & Ontwikkeling	2025-12-31	https://www.pfzw.nl/over-pfzw/beleggen-voor-een-goed-pensioen/soorten-beleggingen.html
Pensioenfonds Zorg & Welzjin	Duitsland	Vastgoedbeheer & Ontwikkeling	2025-12-31	https://www.pfzw.nl/over-pfzw/beleggen-voor-een-goed-pensioen/soorten-beleggingen.html
Pensioenfonds Zorg & Welzjin	Zuid-Korea	Vastgoed	2025-12-31	https://www.pfzw.nl/over-pfzw/beleggen-voor-een-goed-pensioen/soorten-beleggingen.html
Pensioenfonds Zorg & Welzjin	Verenigde Staten	Vastgoed	2025-12-31	https://www.pfzw.nl/over-pfzw/beleggen-voor-een-goed-pensioen/soorten-beleggingen.html
Pensioenfonds Zorg & Welzjin	Canada	Vastgoed	2025-12-31	https://www.pfzw.nl/over-pfzw/beleggen-voor-een-goed-pensioen/soorten-beleggingen.html
Pensioenfonds Zorg & Welzjin	Verenigde Staten	Vastgoed	2025-12-31	https://www.pfzw.nl/over-pfzw/beleggen-voor-een-goed-pensioen/soorten-beleggingen.html
Pensioenfonds Zorg & Welzjin	Verenigd Koninkrijk	Vastgoed	2025-12-31	https://www.pfzw.nl/over-pfzw/beleggen-voor-een-goed-pensioen/soorten-beleggingen.html
Pensioenfonds Zorg & Welzjin	Japan	Vastgoed	2025-12-31	https://www.pfzw.nl/over-pfzw/beleggen-voor-een-goed-pensioen/soorten-beleggingen.html
Pensioenfonds Zorg & Welzjin	Verenigde Staten	Vastgoed	2025-12-31	https://www.pfzw.nl/over-pfzw/beleggen-voor-een-goed-pensioen/soorten-beleggingen.html
Pensioenfonds Zorg & Welzjin	Japan	Vastgoed	2025-12-31	https://www.pfzw.nl/over-pfzw/beleggen-voor-een-goed-pensioen/soorten-beleggingen.html
Pensioenfonds Zorg & Welzjin	Singapore	Vastgoed	2025-12-31	https://www.pfzw.nl/over-pfzw/beleggen-voor-een-goed-pensioen/soorten-beleggingen.html
Pensioenfonds Zorg & Welzjin	Japan	Vastgoed	2025-12-31	https://www.pfzw.nl/over-pfzw/beleggen-voor-een-goed-pensioen/soorten-beleggingen.html
Pensioenfonds Zorg & Welzjin	Zweden	Vastgoedbeheer & Ontwikkeling	2025-12-31	https://www.pfzw.nl/over-pfzw/beleggen-voor-een-goed-pensioen/soorten-beleggingen.html
Pensioenfonds Zorg & Welzjin	Australie	Vastgoed	2025-12-31	https://www.pfzw.nl/over-pfzw/beleggen-voor-een-goed-pensioen/soorten-beleggingen.html
Pensioenfonds Zorg & Welzjin	Singapore	Vastgoed	2025-12-31	https://www.pfzw.nl/over-pfzw/beleggen-voor-een-goed-pensioen/soorten-beleggingen.html
Pensioenfonds Zorg & Welzjin	Canada	Vastgoedbeheer & Ontwikkeling	2025-12-31	https://www.pfzw.nl/over-pfzw/beleggen-voor-een-goed-pensioen/soorten-beleggingen.html
Pensioenfonds Zorg & Welzjin	Nieuw-Zeeland	Vastgoed	2025-12-31	https://www.pfzw.nl/over-pfzw/beleggen-voor-een-goed-pensioen/soorten-beleggingen.html
Pensioenfonds Zorg & Welzjin	Japan	Vastgoedbeheer & Ontwikkeling	2025-12-31	https://www.pfzw.nl/over-pfzw/beleggen-voor-een-goed-pensioen/soorten-beleggingen.html
Pensioenfonds Zorg & Welzjin	Verenigde Staten	Vastgoed	2025-12-31	https://www.pfzw.nl/over-pfzw/beleggen-voor-een-goed-pensioen/soorten-beleggingen.html
Pensioenfonds Zorg & Welzjin	Hongkong	Vastgoedbeheer & Ontwikkeling	2025-12-31	https://www.pfzw.nl/over-pfzw/beleggen-voor-een-goed-pensioen/soorten-beleggingen.html
Pensioenfonds Zorg & Welzjin	Hongkong	Vastgoed	2025-12-31	https://www.pfzw.nl/over-pfzw/beleggen-voor-een-goed-pensioen/soorten-beleggingen.html
Pensioenfonds Zorg & Welzjin	Verenigde Staten	Vastgoed	2025-12-31	https://www.pfzw.nl/over-pfzw/beleggen-voor-een-goed-pensioen/soorten-beleggingen.html
Pensioenfonds Zorg & Welzjin	Singapore	Vastgoed	2025-12-31	https://www.pfzw.nl/over-pfzw/beleggen-voor-een-goed-pensioen/soorten-beleggingen.html
Pensioenfonds Zorg & Welzjin	Verenigd Koninkrijk	Vastgoed	2025-12-31	https://www.pfzw.nl/over-pfzw/beleggen-voor-een-goed-pensioen/soorten-beleggingen.html
Pensioenfonds Zorg & Welzjin	Zweden	Vastgoedbeheer & Ontwikkeling	2025-12-31	https://www.pfzw.nl/over-pfzw/beleggen-voor-een-goed-pensioen/soorten-beleggingen.html
Pensioenfonds Zorg & Welzjin	Zweden	Vastgoedbeheer & Ontwikkeling	2025-12-31	https://www.pfzw.nl/over-pfzw/beleggen-voor-een-goed-pensioen/soorten-beleggingen.html
Pensioenfonds Zorg & Welzjin	Hongkong	Vastgoedbeheer & Ontwikkeling	2025-12-31	https://www.pfzw.nl/over-pfzw/beleggen-voor-een-goed-pensioen/soorten-beleggingen.html
Pensioenfonds Zorg & Welzjin	Zwitserland	Vastgoedbeheer & Ontwikkeling	2025-12-31	https://www.pfzw.nl/over-pfzw/beleggen-voor-een-goed-pensioen/soorten-beleggingen.html
Pensioenfonds Zorg & Welzjin	Duitsland	Vastgoedbeheer & Ontwikkeling	2025-12-31	https://www.pfzw.nl/over-pfzw/beleggen-voor-een-goed-pensioen/soorten-beleggingen.html
Pensioenfonds Zorg & Welzjin	Verenigde Staten	Vastgoed	2025-12-31	https://www.pfzw.nl/over-pfzw/beleggen-voor-een-goed-pensioen/soorten-beleggingen.html
Pensioenfonds Zorg & Welzjin	Verenigd Koninkrijk	Vastgoed	2025-12-31	https://www.pfzw.nl/over-pfzw/beleggen-voor-een-goed-pensioen/soorten-beleggingen.html
Pensioenfonds Zorg & Welzjin	Verenigde Staten	Vastgoed	2025-12-31	https://www.pfzw.nl/over-pfzw/beleggen-voor-een-goed-pensioen/soorten-beleggingen.html
Pensioenfonds Zorg & Welzjin	Japan	Vastgoedbeheer & Ontwikkeling	2025-12-31	https://www.pfzw.nl/over-pfzw/beleggen-voor-een-goed-pensioen/soorten-beleggingen.html
Pensioenfonds Zorg & Welzjin	Japan	Vastgoed	2025-12-31	https://www.pfzw.nl/over-pfzw/beleggen-voor-een-goed-pensioen/soorten-beleggingen.html
Pensioenfonds Zorg & Welzjin	Verenigd Koninkrijk	Vastgoed	2025-12-31	https://www.pfzw.nl/over-pfzw/beleggen-voor-een-goed-pensioen/soorten-beleggingen.html
Pensioenfonds Zorg & Welzjin	Verenigde Staten	Vastgoed	2025-12-31	https://www.pfzw.nl/over-pfzw/beleggen-voor-een-goed-pensioen/soorten-beleggingen.html
Pensioenfonds Zorg & Welzjin	Verenigde Staten	Vastgoed	2025-12-31	https://www.pfzw.nl/over-pfzw/beleggen-voor-een-goed-pensioen/soorten-beleggingen.html
Pensioenfonds Zorg & Welzjin	Frankrijk	Vastgoed	2025-12-31	https://www.pfzw.nl/over-pfzw/beleggen-voor-een-goed-pensioen/soorten-beleggingen.html
Pensioenfonds Zorg & Welzjin	Verenigd Koninkrijk	Vastgoed	2025-12-31	https://www.pfzw.nl/over-pfzw/beleggen-voor-een-goed-pensioen/soorten-beleggingen.html
Pensioenfonds Zorg & Welzjin	Japan	Vastgoed	2025-12-31	https://www.pfzw.nl/over-pfzw/beleggen-voor-een-goed-pensioen/soorten-beleggingen.html
Pensioenfonds Zorg & Welzjin	Singapore	Vastgoedbeheer & Ontwikkeling	2025-12-31	https://www.pfzw.nl/over-pfzw/beleggen-voor-een-goed-pensioen/soorten-beleggingen.html
Pensioenfonds Zorg & Welzjin	Verenigde Staten	Vastgoed	2025-12-31	https://www.pfzw.nl/over-pfzw/beleggen-voor-een-goed-pensioen/soorten-beleggingen.html
Pensioenfonds Zorg & Welzjin	Belgie	Vastgoed	2025-12-31	https://www.pfzw.nl/over-pfzw/beleggen-voor-een-goed-pensioen/soorten-beleggingen.html
Pensioenfonds Zorg & Welzjin	Verenigde Staten	Vastgoed	2025-12-31	https://www.pfzw.nl/over-pfzw/beleggen-voor-een-goed-pensioen/soorten-beleggingen.html
Pensioenfonds Zorg & Welzjin	Verenigde Staten	Vastgoed	2025-12-31	https://www.pfzw.nl/over-pfzw/beleggen-voor-een-goed-pensioen/soorten-beleggingen.html
Pensioenfonds Zorg & Welzjin	Belgie	Vastgoedbeheer & Ontwikkeling	2025-12-31	https://www.pfzw.nl/over-pfzw/beleggen-voor-een-goed-pensioen/soorten-beleggingen.html
Pensioenfonds Zorg & Welzjin	Australie	Vastgoed	2025-12-31	https://www.pfzw.nl/over-pfzw/beleggen-voor-een-goed-pensioen/soorten-beleggingen.html
Pensioenfonds Zorg & Welzjin	Nieuw-Zeeland	Vastgoed	2025-12-31	https://www.pfzw.nl/over-pfzw/beleggen-voor-een-goed-pensioen/soorten-beleggingen.html
Pensioenfonds Zorg & Welzjin	Duitsland	Vastgoedbeheer & Ontwikkeling	2025-12-31	https://www.pfzw.nl/over-pfzw/beleggen-voor-een-goed-pensioen/soorten-beleggingen.html
Pensioenfonds Zorg & Welzjin	Verenigde Staten	Vastgoed	2025-12-31	https://www.pfzw.nl/over-pfzw/beleggen-voor-een-goed-pensioen/soorten-beleggingen.html
Pensioenfonds Zorg & Welzjin	Zweden	Vastgoedbeheer & Ontwikkeling	2025-12-31	https://www.pfzw.nl/over-pfzw/beleggen-voor-een-goed-pensioen/soorten-beleggingen.html
Pensioenfonds Zorg & Welzjin	Belgie	Vastgoed	2025-12-31	https://www.pfzw.nl/over-pfzw/beleggen-voor-een-goed-pensioen/soorten-beleggingen.html
Pensioenfonds Zorg & Welzjin	Australie	Vastgoed	2025-12-31	https://www.pfzw.nl/over-pfzw/beleggen-voor-een-goed-pensioen/soorten-beleggingen.html
Pensioenfonds Zorg & Welzjin	Verenigde Staten	Vastgoed	2025-12-31	https://www.pfzw.nl/over-pfzw/beleggen-voor-een-goed-pensioen/soorten-beleggingen.html
Pensioenfonds Zorg & Welzjin	Nederland	Vastgoed	2025-12-31	https://www.pfzw.nl/over-pfzw/beleggen-voor-een-goed-pensioen/soorten-beleggingen.html
Pensioenfonds Zorg & Welzjin	Hongkong	Vastgoedbeheer & Ontwikkeling	2025-12-31	https://www.pfzw.nl/over-pfzw/beleggen-voor-een-goed-pensioen/soorten-beleggingen.html
Pensioenfonds Zorg & Welzjin	Zweden	Vastgoedbeheer & Ontwikkeling	2025-12-31	https://www.pfzw.nl/over-pfzw/beleggen-voor-een-goed-pensioen/soorten-beleggingen.html
Pensioenfonds Zorg & Welzjin	Verenigd Koninkrijk	Vastgoed	2025-12-31	https://www.pfzw.nl/over-pfzw/beleggen-voor-een-goed-pensioen/soorten-beleggingen.html
Pensioenfonds Zorg & Welzjin	Verenigde Staten	Vastgoed	2025-12-31	https://www.pfzw.nl/over-pfzw/beleggen-voor-een-goed-pensioen/soorten-beleggingen.html
Pensioenfonds Zorg & Welzjin	Verenigde Staten	Vastgoed	2025-12-31	https://www.pfzw.nl/over-pfzw/beleggen-voor-een-goed-pensioen/soorten-beleggingen.html
Pensioenfonds Zorg & Welzjin	Belgie	Vastgoed	2025-12-31	https://www.pfzw.nl/over-pfzw/beleggen-voor-een-goed-pensioen/soorten-beleggingen.html
